3.035479312714945976e+00 7.131868083596510033e+00 1.877385691465742745e+00 4.161399849095701597e+00 4.008862127988727764e+00 1.580879076277669770e-01 9.328629023217780425e-01 6.010200898171491168e+00 1.814175603656826286e-01 1.929050463051565023e+00 4.494916286887037371e-01 1.065431272895567133e-01 3.557848776789577228e-01 4.380147937617536735e-01 3.749793195132588020e-01 1.365206386293038587e-01 9.378833174173592852e+03 1.306725016341358980e+02 7.459176805866286486e+03 5.510620876841591098e+01 6.575275646894175452e+01
2.969194778177286054e+00 2.649314184816145445e+00 2.796779431338735744e+00 2.922012103286057094e+00 5.501717676560708981e+00 1.404504051443157819e-01 5.297776018603806980e-01 9.012820117893449279e+00 1.974838242528851873e-01 2.140948045509669662e+00 2.710577423909255046e-01 1.278286104255880740e-01 5.565456760117647450e-01 8.108428152634429287e-01 3.082754620727512496e-01 1.743151536980489524e-01 3.292898346521377334e+03 3.560279806987263385e+01 8.156731713349353413e+03 7.758325228371826654e+01 1.314423966105512136e+02
2.653710540103048743e+00 6.353996484858097205e+00 2.018316972973038581e+00 2.390685669326602536e+00 5.752994923849016118e+00 1.641643036955421631e-01 3.073788948384931219e-01 9.660467066590907592e+00 1.455226656787191597e-01 1.035516852225273343e+00 2.476051233008710883e-01 1.200578944067714621e-01 9.567473788975517923e-01 6.198799592554924409e-01 1.494283916634698839e-01 1.246727505536924380e-01 1.266193212436650720e+04 1.662512881734198231e+02 2.374597989152319315e+03 1.110826294547965034e+02 6.399372982869140714e+01
1.889518303341771288e+00 7.394369377748514438e+00 1.995954311349003474e+00 2.186456010209244738e+00 5.950897400813055960e+00 1.109887380365257026e-01 8.708326931989019970e-01 8.950626606360238213e+00 1.982356579017682252e-01 2.470572738110559108e+00 3.090376185529913888e-01 1.463804515647705029e-01 4.786828174634137900e-01 7.595426599528091183e-01 2.561497133643476642e-01 1.228345252400885046e-01 8.663231320696635521e+03 1.645930584280535811e+02 5.285639990353827670e+03 1.877895909279191642e+02 6.231148022969389899e+01
9.846947333748019560e-01 7.491325446090684181e+00 2.371385600417027284e+00 2.005016062293607959e+00 4.696794837911575371e+00 1.627447088546597198e-01 3.463245574545466554e-01 3.763308658142891616e+00 1.808555232144630209e-01 1.124819314531270820e+00 1.817343783362813936e-01 1.326860717078615637e-01 3.459572267901276366e-01 3.025191071070187920e-01 1.202186789588165494e-01 1.929065123622696887e-01 1.289948870995153993e+04 2.342123233187651294e+02 1.162991439350797555e+04 1.238591392721839810e+02 1.369047500148249128e+02
1.799746617807765681e+00 5.111130872977076578e+00 2.822313820554468222e+00 5.691902671645607370e+00 5.197822116530666392e+00 1.083706827753205398e-01 7.074502007361137546e-01 8.367873029861179646e+00 1.113060311892362098e-01 1.251393498809852511e+00 3.963484101379386448e-01 1.443559889698298460e-01 4.698485319226483048e-01 6.678325808019384136e-01 2.168762495627022668e-01 1.744636465942957515e-01 6.718473135606082906e+03 6.445759646926640585e+01 6.306238495258630792e+03 2.734067208787975289e+01 7.576452427791244304e+01
1.095799669593757297e+00 6.550299719777777696e+00 1.196168859824565889e+00 5.935171417159722296e+00 5.319833317046311905e+00 1.795488107731963434e-01 4.684039304750412525e-01 2.565218314018603785e+00 1.026399704370775240e-01 7.475062280122812819e-01 2.354077685788392993e-01 1.146701262247888931e-01 7.789633191475231477e-01 8.702661972557669268e-01 2.995524363787994138e-01 1.294787107386430602e-01 1.279099115219156010e+04 1.212365191240811129e+02 1.291068587911639224e+04 1.599944555363520067e+02 1.256156617578432275e+02
1.850907260993833958e+00 2.813378360034932246e+00 2.162746020357799281e+00 5.057459350082147864e+00 5.479826136188526320e+00 1.990828676271800268e-01 8.923992725583959063e-01 6.713201102288445909e+00 1.237826932914892625e-01 2.651367758598255797e+00 1.687932560454754316e-01 1.372398674546905506e-01 2.367345067065478315e-01 4.688575285050926578e-01 1.158344515211146564e-01 1.868379483833977617e-01 4.345052613133470004e+03 3.748351070391006346e+01 7.613235134773275604e+03 6.262632829159367276e+01 5.795009006847098476e+01
3.144001757511726503e+00 7.098733793933147851e+00 1.996474832266865729e+00 4.729645400514021603e+00 4.433529766511683512e+00 1.343594240059765577e-01 1.733701776813146855e-01 2.572642358525049744e+00 1.176720504701938841e-01 3.347142423534807953e-01 3.862788298652787278e-01 1.083123832339420028e-01 4.021314638930297836e-01 9.029492838123647225e-01 1.898400589766778279e-01 1.211712014793614317e-01 1.175940673819900076e+04 2.699946790058436363e+02 6.652161944590580788e+03 7.737826884168981678e+01 8.427840787279622248e+01
1.237615760229670903e+00 3.074583978378820248e+00 1.053764018905776423e+00 3.691030107244155367e+00 5.369374317095449989e+00 1.853677463698868710e-01 4.901493663654949984e-01 4.219400761118519583e+00 1.453873255309506285e-01 7.333873013147613751e-01 4.681698045316025070e-01 1.133809036695097444e-01 2.211326176183521230e-01 1.937090927188180600e-01 3.806381766092642449e-01 1.608559747735735512e-01 7.226374063074325932e+03 2.849800677963841622e+02 5.110186428912744304e+03 1.524269319320480349e+02 5.031800296630609637e+01
2.741884585376126005e+00 3.255943599907944908e+00 1.017159638226335927e+00 2.763757745971741286e+00 4.654873930410588834e+00 1.517670241260694053e-01 8.672022288769555276e-01 5.290297496041539205e+00 1.796068171217469756e-01 1.027362906112736285e+00 1.160769411566945075e-01 1.086802974928136462e-01 9.096326395064250336e-01 1.496469723257941864e-01 1.520119225708424227e-01 1.381076390901913031e-01 5.480530922315890166e+03 2.567803376182259854e+02 5.866369181474305151e+03 1.068188206414804000e+02 9.018667990609787921e+01
8.781141994273918838e-01 7.079380551344923944e+00 1.464944009204982134e+00 5.111610028636728309e+00 4.513264068896853942e+00 1.917785080919279517e-01 9.569324510262857686e-01 5.959717956382359461e+00 1.465071360084430063e-01 3.278616831930743492e-01 4.904378323561419117e-01 1.497033970459709373e-01 9.806801017962596401e-01 8.878720817007654809e-01 3.649690998257656416e-01 1.754360481401671668e-01 1.253888351168449117e+04 2.077180714882747452e+02 8.703452864270348073e+02 8.067071309496425613e+01 9.100051640847827628e+01
1.788449312937101521e+00 2.126816030115667555e+00 1.685346100982344719e+00 5.158091843651812169e+00 3.804692536163347683e+00 1.234100576671150612e-01 8.449620496935198455e-01 5.752802874059684157e+00 1.714981285368870068e-01 2.977480904730934963e+00 2.861313403703905633e-01 1.291188236245620347e-01 9.151339863330237856e-01 6.963657354450683012e-01 1.037697153648511061e-01 1.760293166832524459e-01 2.203126115808648137e+03 1.934883178934583441e+02 5.734464208729948041e+03 1.448752985562387039e+02 7.434973882256579714e+01
1.677702546508552217e+00 3.370379970298671424e+00 1.804026447682399947e+00 5.820643715414083985e+00 5.492800155244898619e+00 1.841737938195228963e-01 2.637256911128805226e-01 5.177011002720717237e+00 1.615665712729975056e-01 2.729608400109521771e+00 2.779244372647893258e-01 1.485486105477510366e-01 5.668882198232871872e-01 3.302085303083595047e-01 2.099783019271854734e-01 1.014460941403623057e-01 3.004333183628762526e+03 1.047608946484837560e+02 9.725585628043880206e+03 5.668672442307489234e+01 1.054628398495649151e+02
1.127515368256261308e+00 3.245822715517382662e+00 1.212849416390643142e+00 5.294082345883313501e+00 3.507943576258758966e+00 1.981222463741252049e-01 6.615609978301006944e-01 8.402561132139549471e+00 1.213921843406795126e-01 8.941106006606580614e-01 1.222030507193286042e-01 1.344878542284962120e-01 5.350676833048231273e-01 7.367423348522186277e-01 1.843257624352545032e-01 1.224861684105770510e-01 3.059979526426205211e+03 2.150731484924752408e+02 1.050975684150618144e+04 1.471190106346019206e+02 1.119923661893585489e+02
2.304030705154323400e+00 2.360240901826488713e+00 2.175842052287195294e+00 5.139705255287763563e+00 4.246204781604624223e+00 1.448854034732785789e-01 4.070098520582661195e-01 2.815860370092719389e+00 1.823726462180307872e-01 9.782447500007598329e-01 2.443739817255795865e-01 1.470544617361334849e-01 1.585148069083449074e-01 1.024429578760119725e-01 3.071701310320981704e-01 1.270203772337845927e-01 3.317819099626309253e+03 1.580059002181208996e+02 1.200994016095144252e+04 1.132648642974108810e+02 1.806091088582915347e+02
2.495617538450823680e+00 2.900566941761522521e+00 1.190121503066929209e+00 2.832935041532671061e+00 3.914919757643393616e+00 1.368357652666367941e-01 7.799616991402035238e-01 8.874825916680409321e+00 1.099138521974043631e-01 2.088826517875256528e+00 3.198507224775808955e-01 1.462370758025875739e-01 2.765607736140246464e-01 7.278871934379060882e-01 1.009900309580225586e-01 1.493888995477283266e-01 9.900746237592906255e+03 6.234930945234881960e+01 1.022498096405955766e+04 3.466636993772756625e+01 1.403999852551797858e+02
2.262170971340332848e+00 4.250586151463995321e+00 1.314548453250367066e+00 3.550898799052672139e+00 4.722693677291408321e+00 1.043347518019960701e-01 7.645868231252623826e-01 8.733481985726381680e+00 1.462329124189460650e-01 1.174225622892760779e+00 4.078036558257921440e-01 1.058049930557480173e-01 5.231402249517309588e-01 8.243736232043737955e-01 3.164805546936270697e-01 1.604206471342062845e-01 1.351274475658640040e+04 1.371377587276237477e+02 6.681720807364011307e+03 1.457836798594182142e+02 6.506951959189427726e+01
2.627804489198790172e+00 3.691262022644609342e+00 2.063729599660722336e+00 2.464538395875540022e+00 3.604543213955194947e+00 1.891732024839417325e-01 9.678681635704462494e-01 9.092556992870427734e+00 1.411311541607364328e-01 2.557546090603526334e+00 4.708392670275031167e-01 1.064353295897807472e-01 8.009009907024632335e-01 5.127180910283105630e-01 1.803699320350643232e-01 1.366204774988795667e-01 3.434920028860443836e+03 1.991447531773966659e+02 6.477899729476080211e+03 1.877110939073384941e+02 1.884034724427139622e+02
1.272650164670725559e+00 3.093774378455412588e+00 1.936516778868240696e+00 5.828047516471851708e+00 3.453108820608147944e+00 1.202086163662790530e-01 7.945486058069535229e-01 5.449411982026441059e+00 1.720495064602981516e-01 1.757192146797363907e+00 3.350555366992007955e-01 1.094743217211736480e-01 1.455916672382897570e-01 1.680270587929770798e-01 2.226793930535493349e-01 1.514628144697323653e-01 1.372375669554822025e+03 2.005340790290294137e+02 5.621134225546360540e+03 9.177686215352760257e+01 1.040329836844001079e+02
1.146520283323867240e+00 2.416485895157419961e+00 1.504346610620318270e+00 4.091069688102824564e+00 4.666133313603854305e+00 1.828453692187008706e-01 6.692949028626509200e-01 9.777246357002056243e+00 1.683574215338318192e-01 1.262188746940904771e+00 4.885906797255543665e-01 1.377352334294199288e-01 5.851073139332200190e-01 1.611000668412159997e-01 2.395687693811789365e-01 1.306338892802826612e-01 5.791360798920816706e+03 1.729363802021311756e+02 3.007529238683883250e+03 9.856906333392504393e+01 1.007162509465941866e+02
2.321355793425217584e+00 4.437266516707827790e+00 2.512788625673938014e+00 4.280560284913836000e+00 4.812102913027755946e+00 1.201807196641360848e-01 5.407422537105612825e-01 8.829636562854894066e+00 1.894812949623317366e-01 2.342642693878643989e+00 3.985078106699936340e-01 1.104104469348819728e-01 3.401745929571226568e-01 2.588654301854131923e-01 3.453785775234528010e-01 1.896608940330133108e-01 3.726714082048559249e+03 1.684575689509327390e+02 1.757162813362869201e+03 1.302307331044344494e+02 8.736298312837874391e+01
9.578981103260214569e-01 3.137427849242793165e+00 2.179303687058072647e+00 2.066757287231020701e+00 4.801573975745534462e+00 1.999331150807022173e-01 6.895204099765178674e-01 5.310277406371605835e+00 1.873104786179398129e-01 1.284369121297835870e+00 3.772458639747530151e-01 1.156816968534753881e-01 2.801135474903044265e-01 9.183680915549569113e-01 1.863718598754673383e-01 1.480314398570943824e-01 1.237434259689318606e+04 4.108343923484305549e+01 3.172766323880085565e+03 1.442063950852166272e+02 1.709251853379452086e+02
2.810506768254043664e+00 7.179792370558063297e+00 2.352799644084801134e+00 2.870051624479795116e+00 3.811686993844806803e+00 1.293377655827108730e-01 6.204343416329904937e-01 6.746337891967037592e+00 1.781883150178917019e-01 8.451775501806655377e-01 4.180285272489377979e-01 1.129276727995978946e-01 5.163177420830481479e-01 5.376813872678714024e-01 3.167226552819182306e-01 1.729213418998341301e-01 3.774321629152444984e+03 8.125714789752755962e+01 1.199805253406772181e+03 8.502048232783387505e+01 1.834516937066119908e+02
1.638802072166913426e+00 6.075160709829750871e+00 2.130329338100411807e+00 2.541680117935465333e+00 3.902635951508369061e+00 1.751516506236014681e-01 1.616669892673578135e-01 3.984348108056429361e+00 1.121306470482926199e-01 2.814874574322852929e+00 2.765510899931158950e-01 1.256625120159867715e-01 9.688017815335980831e-01 1.425877198223082787e-01 2.632515715840640924e-01 1.263335003550460356e-01 8.849479732228664943e+03 1.506111496421688685e+02 1.297567244200011555e+04 8.854992944185539727e+01 9.982244573595117743e+01
1.710572394274639807e+00 6.744807114977009022e+00 1.279503599371384359e+00 5.880491588171857131e+00 4.024291897795353457e+00 1.568345122436181072e-01 8.021151320402997165e-01 1.396459701898544958e+00 1.316769227402650733e-01 2.796470370423833174e+00 2.515766846065706774e-01 1.427627191075853952e-01 6.608382264169009312e-01 3.776543881598197760e-01 1.293358408715411523e-01 1.539474937416082656e-01 1.633925957120368821e+03 1.822654652811004325e+02 1.074172545758488923e+04 1.575474228039012417e+02 1.617313213801409120e+02
2.435836752965386154e+00 4.962131325206946997e+00 1.118805503452622974e+00 5.262492716571721019e+00 5.803136603244194447e+00 1.678860245092201886e-01 4.422437467717035275e-01 9.324939644981421694e+00 1.977877602444344518e-01 1.960070892991995661e+00 3.403783115828072914e-01 1.281749263984618414e-01 4.146808704049895766e-01 4.216462050011775542e-01 3.623300635668401659e-01 1.981690652264994634e-01 1.427002406053418235e+04 3.411506729214514166e+01 5.419632714008649600e+03 7.635236284759540126e+01 1.849375665072650179e+02
1.123863617669200732e+00 2.486256116206066125e+00 2.247489252914261826e+00 5.448476223263591933e+00 3.042630667720523707e+00 1.412783480902137234e-01 5.645324688388684287e-01 5.348966763268058422e+00 1.708294001490190395e-01 2.628203354017438542e+00 1.366989140660615776e-01 1.239862512409972833e-01 1.021483086177483735e-01 8.777932654786376743e-01 3.617023488402401066e-01 1.266260636649009508e-01 8.506518323436670471e+03 2.510702609163161014e+02 6.352882552190991191e+03 1.745884665250738124e+02 1.320076257998804863e+02
1.183668538746846410e+00 4.869819107983642148e+00 2.345146729110548556e+00 3.510496818471457559e+00 3.956649518846511171e+00 1.864638088582248610e-01 7.056114713311575359e-01 6.968762532106640428e+00 1.305519932462490262e-01 3.715774675013086004e-01 3.871484598471243155e-01 1.320365640552433051e-01 8.294488647037582263e-01 4.402840656555500054e-01 2.308212272543836430e-01 1.647476068053655429e-01 3.767457784084866034e+03 6.906430567660557074e+01 1.157555398216645335e+04 1.196385089716184069e+02 8.556894685460865446e+01
1.916526344833894724e+00 3.415032385540398341e+00 2.928019587677440860e+00 5.480206584912915346e+00 3.466370838242725849e+00 1.983601361338453162e-01 1.255811733992792389e-01 7.208420310568945055e+00 1.140254454242087961e-01 2.497866289771365267e+00 1.925002280051983927e-01 1.244860071660588152e-01 4.937378421500131509e-01 6.343570048910529557e-01 1.021553105385066967e-01 1.917890297864157101e-01 8.758141358980099540e+03 6.607444883143307379e+01 1.280364077468564210e+04 8.242012097074574228e+01 1.436366603195123730e+02
1.403674827534534986e+00 5.736521271541787925e+00 1.133869826458863583e+00 4.528449239328258713e+00 5.160136587954122334e+00 1.253636829937504471e-01 6.523653484528982860e-01 4.976869086267305065e+00 1.394546938461272978e-01 1.331709725835033664e+00 4.656084428808692222e-01 1.349626613960821786e-01 6.477508063793260273e-01 9.896767637260101003e-01 3.110851561389681441e-01 1.740144877323827610e-01 2.931357133981001425e+03 1.678772010216447086e+02 6.177074194795281983e+03 5.126711107115919930e+01 1.410576369169669135e+02
2.950428401932977174e+00 3.307921405336888832e+00 2.970244638910472190e+00 3.659022757118098657e+00 5.708211239390634795e+00 1.321571573296034252e-01 9.061336780373262512e-01 7.664999188252760831e+00 1.400587147981651459e-01 8.995276229865811768e-01 2.604489140688760473e-01 1.271035968515395187e-01 5.841767938981519137e-01 7.606114324463846277e-01 2.630514882335129867e-01 1.199501906658412831e-01 1.406145140332057781e+04 1.997072126350418273e+02 8.315529226966387796e+03 5.062752603134799756e+01 1.527553671864202443e+02
2.268955130243067053e+00 2.796873704514283077e+00 2.192437846011555003e+00 5.255022290680434693e+00 3.082505015677777571e+00 1.691677440331261772e-01 3.777471374855659869e-01 6.256727504217460378e+00 1.374217135842467352e-01 2.289925460889162601e+00 1.614540233311564654e-01 1.495033185498689243e-01 8.466015664049225675e-01 1.780672882774039789e-01 2.154082444338255020e-01 1.964303442252988419e-01 1.140791901748464079e+04 7.375893732413459247e+01 4.764780946070148275e+03 1.663019158356770220e+02 1.740674317693451201e+02
1.437384109742983807e+00 5.239689904703139334e+00 1.160879598123978340e+00 2.260654909263099643e+00 3.979021541957909136e+00 1.542984691586492818e-01 5.237062659823960020e-01 3.916465566690911615e+00 1.245827750465839101e-01 3.102826600786086075e-01 2.394906329754432350e-01 1.455710292444095666e-01 9.103851318973044116e-01 3.401170410147870138e-01 1.808950886591629836e-01 1.070817230456559271e-01 1.044822829543239277e+04 2.863405168523059388e+02 8.593991511089097912e+03 1.584762973507864956e+02 7.813209661812169315e+01
2.787925948300855161e+00 7.769483315633483045e+00 1.757964577356051494e+00 2.554218857011922417e+00 3.533149552278548100e+00 1.218205167653223370e-01 3.697038090327925408e-01 9.056433088301758971e+00 1.937084162518577513e-01 4.700004812521072495e-01 2.458643312706914053e-01 1.205656600491559760e-01 4.404709526555703469e-01 6.570594638581614966e-01 2.888019397365287899e-01 1.256999215194602448e-01 1.365421228954519938e+04 1.480723966254517165e+02 9.172201306920554998e+03 4.064405464407686708e+01 1.812781956578951394e+02
2.054545626807154690e+00 5.146795478100225196e+00 2.287032643030322276e+00 3.085233863982030478e+00 4.615796875874423222e+00 1.903500412220197058e-01 9.515377207813673355e-01 2.333025896033250834e+00 1.509803236477735289e-01 5.268071785515417993e-01 3.459535479917610346e-01 1.054751598605572355e-01 1.186879291053040963e-01 2.796521816496895241e-01 3.873248395300137314e-01 1.018921586307574706e-01 6.930870546945623573e+03 1.546817556909875009e+02 3.050781277308733479e+03 1.247358747901777178e+02 1.117582151698628650e+02
2.438907053951817616e+00 6.058542814235151397e+00 2.003720993738300926e+00 3.500629349138297819e+00 4.142954611771639151e+00 1.360237727354655646e-01 8.807605758549666986e-01 2.472849270375355957e+00 1.396714002297811397e-01 1.965971320886891416e+00 4.121052931489018745e-01 1.164262874094088296e-01 3.977618007007039935e-01 2.225870351230353206e-01 3.532599961076936523e-01 1.804598276046106009e-01 3.225589755902246907e+03 1.310311571493372185e+02 2.243607351917041797e+03 1.637870614960315834e+02 1.261457703248772901e+02
2.157573522810236177e+00 6.033086651022793845e+00 1.043268133807122799e+00 3.196271226983661951e+00 3.334638007968964146e+00 1.377816801744997655e-01 8.492021791118490315e-01 9.188998783538186998e+00 1.153572789587840597e-01 1.698846848096585482e+00 1.032765140345975469e-01 1.331317733741065878e-01 4.745997737030253072e-01 7.418122847127975872e-01 3.630233038291071912e-01 1.820319982187360297e-01 7.597780117835225610e+03 2.727507693408098817e+02 1.230313883377132697e+04 3.481818910364537345e+01 1.374587651005239195e+02
2.420189976273692700e+00 1.554202605022817929e+00 2.365597987307944905e+00 2.093735358247703626e+00 4.457829490421151064e+00 1.285553796650898972e-01 2.257415211683471146e-01 8.495932175460520597e+00 1.218823667060864868e-01 1.204724364205985054e+00 3.228711791337391945e-01 1.473245299661258279e-01 4.131796791651000111e-01 9.862185219704960870e-01 3.474302508844444581e-01 1.090117629923346293e-01 1.197393538604154855e+04 2.898588190562369959e+02 1.120403444771780778e+04 1.432418033375650452e+02 1.331128736358039646e+02
1.967820885444434564e+00 6.095062382461430062e+00 2.855778672935069817e+00 3.673381593828333180e+00 3.852843058320245540e+00 1.177212481809815636e-01 1.205881731924148825e-01 2.693170646919901934e+00 1.122386804773703867e-01 2.806419346275803139e+00 4.344998224144331900e-01 1.490220669753359872e-01 6.001672714344128412e-01 8.091045713960971497e-01 1.083664107188274800e-01 1.667549283688470052e-01 2.086793718604921196e+03 6.935618535092531545e+01 9.790868785823253120e+02 7.217819391443768495e+01 9.380939353548876625e+01
8.765542732558475603e-01 6.972297843196647804e+00 2.530253115597329572e+00 2.606997660921196225e+00 5.690566960370655458e+00 1.333602620665520211e-01 4.289317872679712096e-01 9.702993278297705970e+00 1.388043723848704225e-01 1.470888188850919098e+00 2.035673411420832191e-01 1.150259487774232120e-01 6.023550933924526340e-01 3.457100356031257427e-01 3.304624681767253658e-01 1.908377582923790616e-01 9.141159575212079289e+03 7.890804749507167060e+01 6.168767441436847548e+03 1.999665652041887256e+02 7.329275683871284741e+01
3.138457178991653329e+00 2.037907380200987273e+00 1.498273387952397284e+00 3.968121657509440681e+00 5.788166919875689764e+00 1.136086153047282943e-01 2.056861414216736850e-01 3.790834311012023949e+00 1.698434223048523317e-01 1.694886859212930696e+00 4.963628473865463464e-01 1.183428858722892357e-01 9.614543348729263084e-01 9.017392335172474960e-01 1.308295110252495896e-01 1.802399776659273645e-01 1.081621205042529255e+04 2.704041928591609576e+02 8.932961528712379732e+03 5.996087210133995171e+01 1.649042146455407192e+02
1.504805442313433161e+00 3.424862854111088595e+00 2.495364150695241534e+00 3.099953339547852238e+00 5.606557507989136546e+00 1.782684342635942054e-01 1.070779810408426375e-01 5.796048080897995725e+00 1.020960627702603707e-01 2.894307001551290615e+00 1.527066121279507804e-01 1.022896869088655153e-01 7.231049279021466436e-01 3.256224984924667165e-01 2.210237869786420839e-01 1.968595379670745327e-01 4.248439748708457955e+03 1.042196574018130661e+02 1.233005444339584756e+03 1.159048026586613389e+02 7.774772178333917338e+01
2.289803371177913327e+00 2.557858919951831123e+00 1.639989376459825010e+00 2.276813691390477956e+00 3.156722334480903225e+00 1.908039523779597180e-01 9.602236450655969868e-01 2.249886203822992314e+00 1.056675712498015840e-01 2.584049612388711559e+00 4.338274273207972653e-01 1.396865692829984129e-01 5.046460464460473805e-01 1.862419699550236230e-01 2.432204291060612311e-01 1.291698782681004187e-01 4.077621555642930161e+03 6.651396459969228658e+01 9.337086302232444723e+03 1.943215438982551007e+02 1.524076944517750292e+02
2.864167253749695163e+00 7.591495633141793320e+00 1.544654085304257407e+00 4.060201906531172966e+00 5.746911993106352590e+00 1.129236086728154370e-01 7.631914584643462174e-01 4.904126184576386827e+00 1.801940674855596614e-01 2.256925886948574433e+00 4.530685940618748297e-01 1.461683903738718593e-01 6.590818542826866189e-01 9.255767161009245125e-01 2.680982842082949569e-01 1.624276217922793752e-01 6.809167256060892214e+03 1.801227632967015211e+02 1.795688903585914431e+03 1.735530175875877603e+02 1.131374425459680140e+02
2.617671428793196142e+00 3.456516228036246474e+00 1.596622007455372305e+00 3.262126499744111285e+00 3.851049131702628081e+00 1.101271241375267607e-01 8.822043401868083778e-01 7.224662701707581292e+00 1.845253777651281180e-01 2.398960788810747591e+00 3.736721780033486207e-01 1.085162608195617273e-01 3.851200970399457635e-01 8.116906802630134976e-01 1.596881397502296351e-01 1.287187733186535010e-01 2.978290119960989159e+03 1.247369486742994127e+02 1.205977730343771873e+04 1.253975880983394546e+02 9.030258089060338023e+01
3.130709878580113070e+00 4.083214628941206570e+00 1.319471181495363465e+00 5.744264572600764396e+00 5.029089605531928520e+00 1.823849268548321245e-01 5.543654184981621214e-01 9.590939926080524813e+00 1.429704207363820812e-01 1.562882113783699012e+00 3.918144363352499271e-01 1.450238464628700319e-01 1.133600651965430833e-01 6.653576466347309593e-01 2.656421686061446463e-01 1.094918873190795783e-01 8.143031017959270685e+03 3.174742251130146897e+01 8.906524859178516635e+03 1.640398663326326698e+02 1.474813478177397599e+02
1.620215797016102188e+00 7.547798301186647407e+00 1.374524094232226101e+00 5.321102601270167654e+00 4.938432747107615484e+00 1.775392644010797272e-01 1.947094629685439671e-01 2.324221694106793912e+00 1.325664978615930245e-01 1.621239369195200508e+00 2.220673221447836132e-01 1.198837712564054109e-01 2.858103097107596025e-01 5.925549904013064362e-01 1.473308209021819970e-01 1.347001408894809571e-01 5.221091388940292745e+03 1.073508434856663456e+02 1.227455256663148430e+04 1.557475865067347058e+02 5.692132451806837423e+01
3.108362218495015483e+00 5.359856871198746653e+00 2.950145114420721804e+00 5.167644417141025848e+00 3.413952730949061820e+00 1.911368635436125618e-01 9.507582072905219617e-01 1.853294321324239657e+00 1.999549283750455819e-01 9.074223045261859966e-01 3.798701035876438370e-01 1.118561522099637412e-01 9.890532449182803942e-01 2.008875958645263138e-01 2.029889670602333385e-01 1.948723812026459112e-01 1.067954857500284197e+04 1.122783201960952368e+02 7.223984484883133518e+03 1.179841388171595753e+02 1.627699190676967191e+02
1.152932061656767315e+00 5.456226158328204789e+00 2.309063331432483324e+00 4.775299276390652103e+00 3.305161868251039969e+00 1.411473074362321056e-01 1.855632870461538797e-01 7.143281367098558654e+00 1.993279985130920196e-01 9.362374137423188358e-01 2.917568808484308773e-01 1.361771535896203478e-01 5.513809525909230125e-01 9.705224238203850051e-01 1.114971701770119117e-01 1.957353873719720749e-01 7.113250121255396152e+03 1.749648704477003491e+02 4.697187623925896332e+03 9.730536245137381002e+01 1.886892330741380590e+02
1.793773124843143218e+00 5.382856987790296088e+00 1.964916573891464679e+00 3.309660563365770081e+00 3.630265070838428088e+00 1.030613715320312929e-01 8.001379097932769247e-01 4.154522799041218128e+00 1.669458070729265553e-01 2.494373702764172585e+00 2.541404978932385594e-01 1.262317323053028795e-01 4.500215832934071347e-01 7.800183670632749866e-01 3.234505594971079923e-01 1.574287237400722461e-01 2.477612154948068564e+03 8.317522006362524678e+01 4.206453185294496507e+03 3.937985883250354391e+01 1.155744867236927291e+02
2.221635665820639538e+00 7.673337833573073752e+00 2.621758159991087300e+00 3.803543992228325621e+00 3.613473132391868958e+00 1.494767147719510414e-01 1.045297782753956961e-01 8.910472290165811771e+00 1.082338118910808888e-01 2.123690058553335369e+00 1.326220281939257117e-01 1.273097867816199436e-01 6.685215110631461677e-01 1.353923472886897628e-01 3.810514454484076330e-01 1.385384522715242817e-01 2.940337482425841699e+03 8.573854565357376600e+01 7.116361952916854534e+03 1.551949764010178683e+02 1.755688724521946824e+02
1.114434754968208541e+00 2.615371829164224060e+00 2.145936994986413993e+00 3.608004218060059998e+00 4.500053949536525266e+00 1.554480210314073130e-01 5.275256157658964051e-01 3.014756919363895893e+00 1.929167002443833434e-01 4.032723983352387576e-01 2.048843332622093949e-01 1.318511817781362061e-01 8.773250490929117573e-01 8.892296379114306148e-01 2.665073315999268444e-01 1.859690530422240806e-01 1.193865655561009362e+03 2.067157441732880443e+02 1.211950224041079855e+04 8.168211562917183244e+01 9.542974530782288412e+01
2.171175969781899973e+00 5.469630797464793304e+00 1.430270298563737219e+00 5.671003929814379063e+00 4.715390848197824170e+00 1.685725004702652852e-01 7.014579061749458555e-01 1.604854806132773426e+00 1.427994751608633317e-01 3.894515523417158009e-01 3.573247396775680595e-01 1.442680460363981176e-01 7.889188487333401723e-01 5.462422114553878716e-01 3.970454134091906395e-01 1.542573517028461572e-01 1.072058175058992492e+04 3.842663740563590125e+01 8.455931082588875142e+03 3.208242293574515713e+01 1.944527759894442056e+02
8.387774448327993682e-01 6.747979224065375092e+00 2.260618840159933640e+00 5.770315707147930517e+00 4.118780294046773705e+00 1.880877603788277674e-01 8.614329910557804171e-01 6.568493681411878171e+00 1.093204741437804189e-01 2.453505013984029315e+00 4.133810166518635532e-01 1.417294468256420081e-01 8.313850198729488827e-01 2.381203320859245076e-01 2.161325239394755737e-01 1.523406732423128462e-01 1.235992847835748580e+04 1.981113470120602642e+02 3.301086113926028247e+03 1.850644752185487221e+02 1.970698918009958049e+02
3.161643589547304956e+00 5.862401080510192486e+00 1.330566442634804947e+00 5.642379698525489928e+00 5.939028929935152412e+00 1.522600983974033706e-01 2.334122824066025281e-01 1.283807090638886095e+00 1.628876696170755700e-01 1.919238734818890624e+00 3.788811308241473164e-01 1.294924927410751325e-01 4.066070367358300963e-01 8.649814681488471324e-01 2.813412957097951028e-01 1.556044303299464748e-01 1.142193420473648257e+04 2.124378341231906404e+02 5.995253164286492392e+03 1.742039187138223042e+02 9.504560937905731066e+01
1.585455460107909165e+00 1.621137721281225463e+00 2.214144829629439037e+00 4.817332464897948974e+00 4.541485483597802464e+00 1.056319115574127915e-01 3.557973050762612832e-01 2.185301256335453246e+00 1.968236253146201653e-01 1.219441577912532493e+00 1.376359406249356432e-01 1.460433605992824679e-01 7.107614550426814004e-01 8.231646017966959272e-01 2.837572481444015082e-01 1.527287137781780935e-01 1.068882221735425446e+03 2.392307227640216922e+02 7.536206050332064024e+02 1.424910235857011571e+02 1.937020958718583472e+02
1.820572705404061908e+00 3.511472101134274215e+00 1.977774146704915914e+00 2.226544654364035924e+00 4.702438906337345514e+00 1.519541127263648317e-01 7.268156006644321820e-01 6.936400872224464109e+00 1.298936950164784332e-01 2.969478995619535766e+00 3.162693307919715036e-01 1.176909443836541974e-01 9.284169199949112716e-01 1.384495741053530238e-01 3.274305067507736755e-01 1.193117823568595609e-01 7.931598677723337460e+03 2.329303096020004205e+02 7.496437378858215197e+03 7.474652974816622475e+01 1.181871371882710378e+02
1.377198487548801920e+00 2.061763415128528010e+00 1.640549835044737836e+00 3.005399859477106972e+00 5.715162128511382278e+00 1.278133442086597515e-01 2.499770802134492209e-01 4.518772541840175627e+00 1.785464294268084562e-01 8.765808498451055364e-01 1.311827703792887989e-01 1.019449506768439900e-01 7.305590384637222767e-01 3.086281008150806304e-01 3.037972378789225991e-01 1.150467876791080452e-01 1.342300561135427597e+04 1.876942915978220583e+02 1.113293998420040043e+04 4.387433171860623560e+01 1.772444290864882248e+02
2.245133399917446315e+00 5.841117408938915290e+00 1.657185698759500614e+00 2.264754183026804313e+00 3.440477623235711491e+00 1.682800529959571079e-01 4.230426537748464000e-01 1.092293904849697572e+00 1.005794260068094831e-01 7.645851470040150311e-01 4.782482577663622614e-01 1.157559303799412936e-01 8.099614763277465102e-01 3.364011079069985088e-01 2.081887415654160023e-01 1.588845559325211820e-01 1.083569760923077956e+04 2.982508701637511308e+02 2.265412452850850059e+03 1.250269837404767372e+02 9.592756426299908412e+01
2.352389221094810079e+00 5.074352987869662712e+00 2.910753904244852031e+00 4.135034542733516894e+00 5.612461331536940712e+00 1.195582472932604501e-01 7.141860112251509074e-01 2.004749725497388724e+00 1.333119225196779389e-01 8.222879892851391315e-01 3.392134005118560003e-01 1.453513176067682822e-01 1.778230066020781153e-01 5.618809099559316511e-01 3.582968851182586345e-01 1.853897191356919938e-01 7.254126228038493537e+03 2.669968514053431932e+02 8.677988715391573351e+03 6.640395467994807177e+01 1.891211351659045761e+02
1.690790317702219436e+00 2.864740063955717453e+00 1.823060603127404589e+00 3.176121810875158324e+00 5.065546850219136310e+00 1.821555464499403088e-01 4.861660286679806431e-01 5.720410498920871056e+00 1.745479615459346601e-01 6.827201901508823667e-01 1.945222817832329698e-01 1.034134211311843882e-01 8.426704144320796841e-01 4.070745598954881306e-01 2.015060344777949153e-01 1.108022986399530563e-01 6.566921155498666849e+03 1.773467526766258686e+02 6.630349157741949966e+03 1.217610691510352297e+02 1.992924602316938660e+02
1.569313631925712826e+00 3.850790021091120341e+00 1.493357087229465252e+00 2.036216555200221823e+00 4.960464174166627771e+00 1.985481827679891342e-01 1.024352546337988779e-01 6.849288758076893302e+00 1.347325840548835862e-01 1.060064936122560475e+00 3.530995547969187909e-01 1.014609407725514806e-01 1.860974098445621894e-01 5.345629160438402083e-01 2.090199258348343636e-01 1.775971710620862509e-01 1.582129239482279672e+03 1.176265849737692832e+02 2.224417450757982806e+03 6.140413856455050023e+01 1.002273496301940412e+02
1.898731432819985576e+00 4.039877894965190563e+00 2.316840474853933074e+00 2.461300421942632877e+00 3.864890783714928002e+00 1.944534281985371427e-01 8.755520854229330574e-01 6.210286194872162824e+00 1.740256614343737573e-01 2.624567446005700244e+00 3.289000671613510063e-01 1.055903226415706303e-01 7.130266538595226855e-01 8.559290145508765546e-01 1.971442935954311193e-01 1.042518556722737549e-01 4.196863834668381969e+03 2.276518821184586443e+02 7.962459080902006463e+03 1.412464790006546593e+02 1.305982179365938123e+02
9.046717710562903747e-01 6.154737471259263515e+00 2.632023225972857539e+00 5.575020808087466584e+00 4.058592855595604121e+00 1.355676709548039038e-01 1.589186393446854195e-01 1.878635673447930365e+00 1.094572837241359897e-01 8.868751342261596005e-01 2.370800792639676524e-01 1.052410458397081833e-01 4.197348665844361504e-01 4.109669032305637293e-01 2.220362708626969217e-01 1.536762772948363498e-01 1.037761590316258480e+04 2.029889671194078176e+02 1.038159453581685739e+04 1.776118439899184125e+02 1.074008786624418121e+02
1.392261656535309200e+00 7.371890652212037764e+00 2.685797582982302423e+00 3.418745472826324239e+00 3.181796515349780474e+00 1.443014312435181579e-01 8.760426496177030620e-01 6.954920515765497413e+00 1.075513030440830853e-01 2.390458697769685337e+00 4.478085773767656041e-01 1.363589559856193401e-01 7.432364436015115317e-01 4.982868326059436415e-01 1.881578583568199736e-01 1.486690312780394596e-01 1.370301677182289859e+04 1.512967098401723547e+02 1.043987776175644831e+04 7.272059142643931295e+01 1.186259571826487900e+02
2.189931182180646196e+00 2.218021113545835199e+00 2.944583997721156976e+00 5.284270964312982599e+00 4.752828109589339434e+00 1.451890526091616784e-01 2.538165081685029301e-01 4.451677345284503318e+00 1.787425652471037463e-01 1.306072185797098051e+00 1.084069878510477564e-01 1.394025713352693430e-01 4.720058363523247369e-01 3.572248640379134255e-01 1.919144407660021701e-01 1.214882270519674762e-01 7.683373893029291139e+03 1.786225910189800175e+02 4.864905811614448794e+03 8.798909988635534773e+01 1.874124978722860249e+02
1.723760096162846089e+00 1.737596020454829526e+00 1.890285691871523621e+00 3.645125307663620973e+00 3.641992131887846096e+00 1.728811260745004019e-01 6.363495256392501798e-01 3.892122567062560545e+00 1.537565515367185498e-01 1.946907096077010957e+00 3.667591795178211100e-01 1.388919065958426347e-01 9.636989343364369409e-01 2.154119433277086326e-01 2.786622770446877118e-01 1.950712334012593974e-01 1.029068705270511964e+04 2.618617833104992769e+02 1.150951763951404973e+04 1.405140339608386739e+02 1.276570456865226788e+02
2.309050403230536563e+00 4.417566296109296076e+00 1.201056005955604133e+00 4.927184435429053266e+00 5.237271637463932983e+00 1.997558928859503036e-01 2.587879419842616935e-01 9.133557456579598721e+00 1.555429928126748351e-01 1.774439139359751616e+00 3.047462506092420975e-01 1.464897084348982526e-01 6.948728870078757502e-01 6.160432900054435557e-01 1.061604602966059324e-01 1.326569069710902271e-01 1.483404537348841768e+04 2.874607240712340399e+02 5.950727413528233228e+03 1.221372701898245339e+02 9.120532135043521293e+01
1.612615140047658047e+00 5.130882796771789600e+00 1.882870714987090022e+00 3.270843240196779966e+00 5.326789514701810724e+00 1.347512434869648779e-01 5.001104309095826261e-01 7.423254380533413688e+00 1.587403339798103274e-01 1.877955575824342471e+00 1.974423018454663781e-01 1.259802491694238802e-01 5.687579413987361443e-01 4.766460425366133569e-01 1.979048697096117970e-01 1.335839781226701717e-01 1.274207386262193540e+04 2.545597035126986896e+02 9.478252582791441455e+03 1.052449218084111493e+02 1.794070320038076147e+02
1.362658711868713679e+00 6.588762609667057291e+00 2.776984935338520089e+00 2.139436042742716371e+00 5.294589679132341686e+00 1.592694068152387121e-01 9.213045952654802528e-01 5.541871639712251607e+00 1.642030767833511651e-01 1.506468792907599941e+00 2.291541503870603846e-01 1.214322906514125056e-01 4.428038140287902102e-01 1.182535032082060872e-01 1.028290174472164115e-01 1.440976386356209171e-01 1.222064043701221453e+04 3.710780831449332595e+01 7.365140578457486299e+03 1.793533017637804221e+02 8.412812005588570230e+01
1.598943648429397735e+00 1.829581660684883815e+00 1.294089420726510564e+00 3.855561848923890089e+00 3.685163083191461908e+00 1.424706589500099319e-01 1.666085043651947539e-01 7.729549556496782436e+00 1.344357843488861726e-01 8.153668324818457158e-01 2.113316750241990283e-01 1.456911690939463877e-01 2.673679157485608915e-01 5.658565066301076696e-01 2.541960626091533393e-01 1.423242218340052823e-01 2.560729026160729063e+03 2.773241750923187965e+02 1.144596929293760331e+04 1.451783189314728304e+02 1.534416042630874131e+02
3.091440579121917942e+00 2.737403564704150583e+00 1.527603286513744107e+00 3.400886487849800410e+00 4.369280755910846636e+00 1.773166170713646184e-01 8.355194213597130215e-01 7.454072833919226149e+00 1.728582963182381804e-01 5.532889920972547948e-01 1.597165016778070434e-01 1.227372242599610308e-01 6.889637659990648366e-01 2.476519987826332203e-01 3.466782764573176356e-01 1.535999069475305345e-01 7.430804002659726393e+03 1.759011351785991337e+02 5.340895091674285140e+03 9.006721012657475001e+01 1.014921905398082913e+02
3.061343192636608812e+00 3.600363903029163204e+00 1.388114475301035267e+00 5.424045654521519211e+00 3.366637885575697098e+00 1.836180114323197887e-01 9.628759969181586165e-01 8.254501870378497586e+00 1.002572735689756384e-01 1.912463565008024169e+00 3.355537029157980022e-01 1.225066440599753975e-01 7.960819358420235803e-01 2.091120214111185371e-01 1.298530363792503028e-01 1.431711732075990340e-01 9.257985281817369469e+03 3.913465478315144708e+01 9.130045537858581156e+03 1.597242396603720920e+02 1.750743456313887236e+02
2.555577907077855926e+00 1.707769028811770617e+00 2.417606879027109912e+00 4.313566222970530717e+00 3.091935533349215781e+00 1.559075862309030336e-01 9.448782023397250818e-01 3.081855944381489909e+00 1.836746240313910095e-01 1.952509833022163299e+00 3.724177699846130674e-01 1.315189892398810068e-01 4.957521910856081959e-01 5.953038280563599516e-01 1.576359809820458702e-01 1.890177074934877299e-01 5.895211984043476150e+03 2.096558635074447636e+02 5.369190926065572057e+03 4.635611986283538499e+01 8.761366743292384740e+01
2.844531089207735342e+00 5.679814425025197622e+00 1.532728724946859078e+00 2.786898062984151991e+00 3.715085700814114489e+00 1.398048236331871919e-01 3.629041423056771354e-01 7.517543374393889977e+00 1.502085224937983188e-01 1.453143091470620485e+00 4.551927163071929350e-01 1.216599689958001718e-01 5.452336404828004301e-01 1.172909870588019904e-01 3.652555842618545601e-01 1.620487578601036427e-01 1.402210007371769098e+04 1.148450658951323504e+02 1.124864454754343569e+04 9.536651642383502292e+01 8.717393034905825289e+01
2.332092980642034519e+00 2.866974860323439955e+00 1.127702887828378131e+00 5.191012221692735906e+00 4.044695626270559785e+00 1.630383546638231040e-01 1.230120065145077213e-01 4.072610344981445252e+00 1.585954250667134524e-01 4.917441919105903780e-01 4.827075889350269655e-01 1.069101107462697431e-01 8.214198697321899445e-01 4.024776766264355210e-01 2.452484540314709416e-01 1.213769068996995160e-01 5.743322868601883783e+03 1.619956012862146508e+02 5.576161978810083610e+02 1.063609325527316827e+02 1.394169788934278245e+02
2.023216432783957686e+00 4.052528337458884522e+00 1.298669038086418981e+00 4.686250957810607964e+00 5.252031122313355560e+00 1.145537253066819250e-01 1.145874365594826416e-01 9.852519128833490569e+00 1.208634780310787193e-01 3.453274423714249308e-01 1.557612299791643895e-01 1.303648339315541527e-01 8.368316501220003367e-01 7.538160905121873423e-01 1.304068703161707921e-01 1.525323283088749482e-01 5.369503625117988122e+03 1.037389004112465898e+02 5.427955620425435882e+03 5.480980801636940214e+01 5.268953285670029629e+01
2.518991647958467972e+00 2.882325349327341524e+00 2.382338382908145036e+00 4.978624267062485842e+00 5.616614200162046266e+00 1.838089246849647085e-01 3.585614181840813819e-01 7.314007547243001284e+00 1.202091261306240805e-01 1.921673318434421018e+00 3.311211587792263211e-01 1.236330771624360031e-01 2.048867671671483759e-01 7.918854457372660471e-01 1.429906995512112144e-01 1.403390745106389004e-01 9.319697015059984551e+03 2.001931772904008966e+01 6.721109446298187322e+03 1.677146811883287967e+02 1.581512574179842829e+02
1.367593194004745438e+00 4.163704709641873336e+00 1.187494359097606589e+00 2.328158056613718330e+00 4.356661365193907898e+00 1.786210726126237769e-01 4.360324523224817783e-01 1.321494283415089566e+00 1.355347843783178963e-01 1.450010096512853064e+00 1.347276429706409651e-01 1.107694106020463559e-01 2.539857585914566673e-01 5.259591853487536328e-01 1.761581427954919121e-01 1.516903415472533601e-01 8.205252305767971848e+03 7.365503395832058686e+01 3.255791064283319884e+03 1.811860881454257708e+02 8.301787308458870029e+01
2.981786988850597453e+00 2.049035187132770108e+00 1.769386738235785739e+00 5.343867823067531830e+00 4.337928165612328080e+00 1.834577575007625971e-01 1.551839578310421908e-01 5.700850335091932841e+00 1.030632780942283416e-01 1.524849135753811868e+00 2.178970108533911099e-01 1.175690233736187557e-01 1.620815540022615409e-01 6.804136409538018571e-01 1.628830000681341650e-01 1.046055620315273355e-01 8.686981059610490775e+03 2.144773366911154540e+02 3.033762152912952388e+03 4.953554647650458520e+01 1.954355380906875439e+02
1.765577135831718492e+00 7.940215138112154847e+00 1.121423255173921607e+00 5.889249271116714368e+00 5.568867564531679193e+00 1.148582807886422003e-01 8.916860620968064532e-01 8.476901611611300069e+00 1.104779805697442135e-01 1.808117692517294817e+00 4.768473703314631829e-01 1.040676472369466976e-01 6.055939263366884040e-01 9.587087134138471134e-01 3.014567915209107607e-01 1.635268364490987669e-01 1.128852554348150989e+04 1.558069632851722304e+02 8.088091696466447047e+02 9.923746765661930169e+01 1.665087175251338181e+02
1.218759705156438944e+00 6.223911419393257205e+00 2.395283775311628283e+00 5.595460237360986078e+00 5.387504482245538462e+00 1.776940867493326248e-01 7.577446286906648343e-01 9.578756415578368433e+00 1.944053200778192159e-01 7.741464818282656202e-01 3.437521243021961492e-01 1.403148785833270018e-01 8.139185381956258736e-01 1.137255754164235161e-01 1.263322841455050971e-01 1.272149119501380932e-01 1.372792146659176615e+04 2.010349165250073042e+02 7.652576217322894081e+03 1.376606531177022248e+02 1.731596345884159689e+02
9.707046229466319565e-01 3.803857894551604168e+00 2.269666806728571906e+00 5.605220567111881991e+00 5.539047062669725463e+00 1.102643335168492916e-01 6.730721776931923861e-01 7.434104714305890482e+00 1.268944583919648095e-01 8.478955674033079593e-01 1.730053917258995155e-01 1.078852141060271802e-01 7.840356267258978828e-01 6.450085635741882317e-01 3.946107720598085455e-01 1.559831267646044628e-01 9.054778520620031486e+03 2.922780824489077531e+02 1.998830149594264640e+03 1.915473877981522435e+02 1.159059943447211651e+02
1.318717462195249102e+00 3.988769407665898825e+00 1.175320592759273364e+00 3.763626094485856832e+00 3.961684861966371596e+00 1.668477146390766053e-01 2.710416423172409828e-01 7.278454705284156390e+00 1.321614185420876553e-01 2.444149838910131933e+00 2.065396903671371520e-01 1.160898710690611846e-01 1.382786396235491655e-01 8.599248225831498393e-01 1.959722346959047456e-01 1.569856213705962400e-01 4.717311293050379390e+03 1.921989257564428044e+02 1.139063064196781852e+04 9.598368248650641021e+01 1.697959482042526247e+02
1.684539844211498938e+00 3.910539476977830997e+00 2.728806274979418411e+00 5.329394732770182941e+00 5.582771351628286638e+00 1.379357275499466517e-01 9.977042482796686373e-01 4.579911818958601444e+00 1.036361389148814510e-01 1.432235815760043440e+00 2.274240010447036164e-01 1.231908898099402516e-01 4.097100456648588018e-01 5.152955878523595157e-01 3.592643996127455885e-01 1.660253196252750585e-01 8.269315514124693436e+03 1.114790497980315678e+02 8.884756757531671610e+03 9.275472607774452172e+01 6.004318416174155715e+01
1.248838102926558280e+00 3.860428768791581255e+00 2.296679063026426881e+00 3.358882301065157616e+00 4.969650401305633736e+00 1.973807064021781965e-01 6.114042947336453260e-01 6.302498108014435552e+00 1.515273948469645637e-01 1.016262317732739451e+00 1.257416183621748174e-01 1.426203553412257463e-01 5.224633277818875321e-01 8.974217000475006589e-01 3.863578474203143154e-01 1.778821895515702023e-01 8.288785282569180708e+03 2.314821116535120495e+02 1.011652641003358076e+04 1.348625356159218995e+02 1.278511987788293993e+02
2.375952814577156680e+00 7.458642414011023902e+00 2.681705330138401511e+00 5.863996101925776472e+00 3.177561731263359057e+00 1.338248320831926796e-01 9.072435392092107476e-01 6.003660504044521673e+00 1.889954850587047264e-01 9.509810128041298327e-01 1.177612397223357782e-01 1.364540216492581282e-01 2.616515182910381654e-01 8.443868278029762475e-01 2.445237271953061287e-01 1.449449068627982895e-01 8.787912534316164965e+03 3.227012723451016996e+01 1.287723135327084492e+04 9.985142275125721767e+01 1.605879181082910350e+02
2.770002360460694923e+00 4.301835059036520192e+00 1.460738525846030367e+00 4.645243634945646072e+00 5.655963999640347240e+00 1.335756638911874405e-01 7.957724875333944681e-01 8.189619250766043024e+00 1.108661560019395392e-01 2.862461758473219486e+00 4.319400210245227800e-01 1.074206746893003467e-01 5.298283781097700151e-01 2.387211801061971117e-01 3.188870324171149129e-01 1.076780286490159194e-01 1.257766263593245276e+04 1.619671785422665167e+01 7.729694535223610728e+03 1.005714176113228149e+02 1.017804116259778340e+02
1.518181602062863345e+00 2.243941674698292754e+00 2.934313501179797612e+00 3.533718721358249049e+00 3.324378686836104269e+00 1.711612179865168171e-01 3.226327001940108574e-01 2.236471801234318768e+00 1.243031281456281473e-01 1.116369801151494201e+00 3.494620724349675189e-01 1.488979025691435087e-01 1.771377978353725902e-01 4.854671067872569079e-01 1.984177970108877698e-01 1.591156213216737281e-01 5.535486347971888790e+03 1.863798775463852166e+02 1.152587065348446595e+04 9.388443254418892536e+01 9.200115164134967927e+01
2.638257964922753551e+00 3.660067544680545737e+00 2.277247330038539630e+00 5.052601975376582288e+00 5.650269895966671285e+00 1.434306391615751686e-01 4.791007708223460337e-01 5.971921302487907646e+00 1.011037070374272429e-01 1.564153092725012018e+00 3.945702604913120526e-01 1.272272184743953316e-01 6.516756063659796538e-01 9.716325842777966404e-01 3.122271335864767461e-01 1.374987360696439953e-01 1.220944463708997318e+03 2.470781194551774433e+02 4.914598074563802584e+03 1.725801760699795580e+02 1.591909997682498101e+02
1.934590657626992449e+00 1.956094043700739693e+00 1.153368415309365957e+00 3.231220101841753234e+00 4.558009954613329029e+00 1.914779862005590583e-01 3.058729749046428803e-01 2.953867508762151317e+00 1.675348996145701874e-01 2.099079541853205555e+00 2.258750757962471045e-01 1.191108581765178420e-01 2.577656276299965521e-01 7.828163010906831198e-01 1.185727585192366262e-01 1.737464820617264372e-01 1.489609366049055461e+04 1.252542990129555136e+02 2.886715494625590964e+03 7.840376502991057350e+01 1.498652877832078048e+02
1.764032872954289344e+00 4.132201347632635802e+00 2.440776800079834885e+00 5.869960561180953995e+00 3.921851275370930701e+00 1.419426918743445509e-01 1.975813784666537454e-01 7.118220291158467106e+00 1.611720846441157262e-01 2.868223533358801536e+00 1.713579389162711575e-01 1.210204789685281335e-01 9.122709588090885946e-01 1.086915270818151341e-01 3.361772188436545905e-01 1.002337318878777639e-01 6.423848071381962654e+03 2.678317070309911969e+02 4.842043386795518927e+03 1.611455265568280595e+02 7.968552760238182486e+01
8.575456489724232467e-01 2.402183943958128509e+00 2.117811228211466279e+00 4.850902656527802392e+00 4.823386406042295960e+00 1.971101123949113298e-01 8.101822541859130533e-01 7.375300344885382664e+00 1.162109983412895897e-01 7.793636143539464101e-01 1.445612219260997977e-01 1.255595206934460584e-01 2.170304947056325706e-01 1.115513640002731011e-01 2.935514455953387447e-01 1.353026364639144941e-01 1.179203588183968714e+04 1.368503000964651051e+02 4.408661583363174032e+03 1.503166101910483690e+02 1.979228363722917265e+02
9.518140538612221979e-01 2.372696915358808667e+00 1.962382543961651793e+00 2.199262840586757584e+00 3.490718828065932033e+00 1.008038074191489469e-01 3.250467236594113407e-01 8.106817867309771941e+00 1.184058690672424169e-01 1.053182129995596794e+00 3.937888912557830912e-01 1.084933845197110086e-01 5.007755114659789841e-01 7.399720291957639917e-01 3.730595552125314240e-01 1.654799803635759181e-01 4.557675763487405675e+03 2.719385583017572685e+02 1.137314339649797876e+04 1.125413851730489085e+02 1.950976234558360147e+02
1.951738735212686704e+00 4.888002338055194684e+00 2.695093092154142056e+00 4.174437383973902627e+00 4.108841714036626236e+00 1.538883461376970851e-01 2.190963108151396943e-01 1.064550752614509710e+00 1.953300490454157046e-01 2.074832442479925820e+00 4.393183851104501825e-01 1.444351199454369516e-01 9.321295652098446904e-01 7.437442804133361784e-01 2.927264595964854110e-01 1.474766888593183056e-01 7.282614112486132399e+03 2.138317189042705877e+02 2.478914427947055174e+03 1.543090948319602376e+02 1.046456629352632035e+02
1.142152287595608495e+00 5.917210736567700025e+00 1.983867911699824571e+00 3.060697673095240656e+00 3.419663261334980664e+00 1.988668284217900706e-01 3.868827971881335648e-01 5.333749016816543786e+00 1.248436502904043122e-01 1.765751573494064308e+00 4.402460264801894008e-01 1.284116339114809435e-01 9.219205273278474611e-01 7.863140165323759811e-01 3.840281133550298431e-01 1.317727985741645458e-01 9.850095228959668020e+03 1.621355256068169695e+02 9.463485719494467048e+03 5.761536620717329527e+01 1.045176468862541128e+02
1.835818052505219677e+00 3.546554568185956047e+00 1.858410213739636774e+00 3.274096433673132633e+00 3.591587233875435992e+00 1.394934832126561719e-01 4.563807213463713097e-01 8.548341250057161389e+00 1.290867312361328734e-01 4.748631481244962593e-01 4.595461085132390711e-01 1.184158871725863593e-01 3.219312296059109735e-01 7.947372230041427343e-01 2.058194310703561070e-01 1.371743173970237928e-01 1.215003197819559136e+04 1.061950876418097636e+02 1.147746171587852223e+04 1.138227351489382499e+02 1.713303488692150154e+02
1.059958334097055976e+00 5.067271931590298095e+00 2.553987112011402161e+00 4.343615665291903127e+00 5.475250789227887438e+00 1.298847812134056867e-01 8.830793103398204558e-01 1.121141913640515186e+00 1.543501268819076067e-01 1.404845656314952951e+00 2.136598263906794859e-01 1.282574317665524100e-01 6.806517218768329824e-01 2.872411595526082606e-01 1.033366990797913720e-01 1.712117689551252431e-01 4.973235285767424102e+03 4.400081584016763259e+01 1.190222184786141042e+04 1.869331095749060125e+02 5.965775341419882949e+01
2.629061411087232347e+00 5.970511731317575510e+00 1.282440145227879302e+00 4.630541464873503266e+00 5.953664431569782423e+00 1.882401411373778033e-01 1.451879222974445660e-01 9.252054563966140677e+00 1.360166336655251607e-01 1.852921493400984332e+00 3.762622296857839332e-01 1.270622938734033702e-01 5.885853314246698442e-01 3.013732741554587813e-01 2.897443036590192644e-01 1.576120240565142272e-01 1.474076577379169248e+04 4.016210837464115002e+01 1.070802930604625999e+03 1.819888937594141112e+02 1.563385522339089562e+02
2.716107676032632590e+00 6.253835283339647333e+00 2.859737992041466725e+00 3.150373680107140029e+00 5.986518324867479812e+00 1.672784331178011064e-01 7.462841211127312357e-01 8.506184032580915044e+00 1.231542782736209235e-01 2.242174810020435949e+00 4.950413055539523155e-01 1.263035684983862539e-01 8.512707936024197508e-01 4.136440567584334094e-01 2.758941472996003785e-01 1.024305051087257140e-01 4.144063006581925947e+03 7.517891361219056989e+01 1.336941779688482939e+03 7.055157810583391154e+01 1.218766638853722668e+02
3.052445995484601937e+00 4.912907720052761107e+00 1.572058690862960351e+00 2.157121963506261064e+00 3.238701229561566919e+00 1.744557669372776010e-01 4.759905910110404648e-01 3.746857200017712497e+00 1.419128910389326204e-01 2.270855096089441361e+00 2.819133338971488989e-01 1.375828412214227248e-01 4.551502014789396977e-01 1.575981836257996649e-01 2.875235822822553300e-01 1.904612137539355710e-01 1.159188021054421733e+04 2.860772262729482236e+02 3.841076636137541755e+03 1.839390120249663596e+02 1.715286055274966088e+02
3.124083114831301522e+00 4.846820684338901231e+00 2.333182546556242354e+00 5.031180229661122993e+00 3.784144988819632793e+00 1.826448138250715836e-01 4.256005241254227078e-01 7.800489439065413144e+00 1.292715140101161619e-01 2.284173439671758121e+00 3.204536946078757609e-01 1.441871867901990401e-01 4.269795967270186843e-01 3.710985706034265474e-01 1.515396712667606005e-01 1.700609659442022803e-01 1.303853508465547384e+04 2.220093526462036380e+02 5.917328672599942365e+03 9.794755758412672719e+01 6.743515410095419327e+01
9.397897200836775600e-01 2.760537589210199094e+00 1.935476398442773416e+00 2.998908522215592232e+00 4.295196050776396213e+00 1.933472650680479743e-01 7.519396166240109869e-01 4.430042184517783532e+00 1.505913724290712519e-01 2.060453163272182309e+00 3.209398964130241727e-01 1.338813820439636038e-01 2.368944453841884956e-01 1.688323243741918223e-01 2.611598854733128139e-01 1.946953658842713875e-01 5.272182538744965314e+03 2.816912186097426343e+02 8.268497781506299589e+02 4.824836925104983720e+01 1.195613243221383044e+02
1.048112512921577810e+00 1.671598935607640390e+00 2.736858185088729023e+00 2.517292963967199260e+00 5.054238644223477905e+00 1.851365346828728886e-01 1.707050098220948553e-01 6.609702815626721240e+00 1.255398292514469105e-01 7.586960640626667640e-01 2.574668940765934000e-01 1.037745816719621850e-01 9.363145980113307676e-01 3.852696047992322237e-01 1.154326434614439123e-01 1.189681444664330984e-01 1.445493308181938664e+04 2.406010708730788394e+02 9.828296512749788235e+03 9.015032254583063320e+01 1.914780782316580598e+02
2.746826986622135536e+00 3.057495217322371950e+00 1.628564153604496800e+00 2.756154251165592761e+00 3.006956428822734839e+00 1.459695911711856309e-01 9.825123616647175595e-01 9.311884803782346509e+00 1.817664254657313516e-01 2.917418015410591980e+00 4.115523564301937220e-01 1.345304793266027810e-01 9.196990412054641961e-01 7.341934978789234068e-01 2.094225974340659380e-01 1.111754219800928645e-01 9.413542907779637972e+03 7.608967827085756142e+01 2.857641342043104032e+03 1.363474950378588915e+02 1.685668424682929754e+02
2.431264934871328887e+00 3.700116806284196258e+00 1.112334477874328487e+00 2.427096115874941340e+00 4.846399523095329620e+00 1.084726695031453803e-01 7.910620045205748463e-01 3.665136875140358352e+00 1.911060492393606980e-01 2.077284995241349019e+00 2.627728766447035014e-01 1.390086238614587355e-01 3.686703692050649073e-01 3.654161237861338618e-01 2.374057862789198670e-01 1.913902112114659326e-01 2.748490209213228809e+03 1.416804967208531139e+02 8.745004275908328054e+03 3.432325676374634327e+01 1.676933202294580383e+02
1.397014673470501567e+00 2.269740495550613080e+00 1.793804271779140258e+00 2.551580796798416984e+00 3.611647374642327435e+00 1.282172811247977440e-01 7.511177283615440015e-01 2.864062445299486281e+00 1.490591710972993811e-01 2.877298923087260096e+00 3.711712023135993466e-01 1.411877536988914716e-01 2.280442645556737813e-01 7.011624037872936643e-01 2.418704955532559597e-01 1.801594835106099246e-01 4.446330401596569573e+03 6.739731415942966919e+01 2.672039929317505539e+03 1.380642123337975136e+02 1.814260012458620963e+02
1.383551584276695667e+00 1.630973186859759227e+00 1.341831841836063299e+00 5.035769429952724252e+00 5.306025575212440337e+00 1.027412940634513105e-01 6.177921995674795497e-01 1.000597252716601160e+00 1.924696551818378676e-01 1.981157918236765347e+00 3.412097068958308554e-01 1.027257779355049139e-01 8.489918268324123662e-01 2.840193254648699650e-01 3.243824345852387436e-01 1.907724002998254786e-01 1.113794134680265961e+04 4.494262640928138808e+01 4.784784669090086027e+03 1.036405683964262892e+02 1.414193445785030576e+02
2.530297260280169880e+00 7.039536289838816074e+00 1.948735625636413449e+00 3.133189839312017000e+00 4.511824782936606049e+00 1.074533479820930365e-01 7.887933745903750182e-01 2.434801009385298975e+00 1.946457106922100389e-01 1.641707221603471822e+00 3.556660892717580236e-01 1.465046439576356552e-01 3.147419578474068835e-01 6.434677244176710831e-01 2.359545742655732026e-01 1.412274957650051510e-01 2.707438901773292855e+03 1.197501986778394070e+02 7.380850432345321678e+03 7.605108090805850907e+01 1.968812952905123836e+02
1.259281019406350177e+00 6.909581944209570281e+00 1.361183925305233133e+00 2.404050496415910843e+00 5.486266839632415682e+00 1.164665164372981621e-01 6.258286408807202106e-01 8.035053158416165076e+00 1.180348520382307892e-01 2.927184565342815681e+00 2.021886756503292748e-01 1.280036955567203094e-01 7.202684196766544478e-01 1.536207958144097940e-01 3.610439424020660537e-01 1.231583511603600717e-01 3.155798076987087825e+03 1.832979114131508425e+02 2.607068792857149219e+03 1.316125831403684003e+02 9.286640456682566480e+01
2.559590149505549306e+00 7.959446367561179514e+00 2.835947464445833344e+00 5.846324735133665129e+00 3.655299906025515355e+00 1.620856189156463789e-01 3.110372156618885775e-01 8.898768887959697338e+00 1.252001657695746839e-01 2.510985475193004302e+00 3.101609595486790605e-01 1.043705566713320348e-01 5.379741070336442332e-01 4.937766935155825099e-01 3.088568569030341049e-01 1.864018350836112448e-01 9.230830953492300978e+03 4.304519541236932412e+01 7.326229254633291021e+03 1.283464567351032599e+02 5.411863622651714678e+01
8.104004029576878931e-01 3.029576572077866459e+00 1.130643077628745496e+00 3.939544826866852034e+00 5.224371952271630093e+00 1.275414093689309358e-01 6.547201830797130251e-01 5.483921657286574991e+00 1.747031647361626527e-01 2.432352070182333570e+00 1.099546707168708032e-01 1.121933730572711313e-01 3.186157299850231883e-01 8.730680527296875715e-01 2.281695173200823656e-01 1.849296418478863779e-01 5.429428420703626216e+03 1.741039898409820808e+02 2.565168738485186168e+03 3.521881858555665445e+01 1.470457946831003255e+02
1.532134990280761500e+00 2.601814978461121086e+00 2.077113188250288900e+00 4.525048275700529032e+00 4.595637615440606893e+00 1.191609971780404204e-01 5.038275329807616609e-01 2.114926248765026884e+00 1.659095121189961830e-01 2.658718682786091136e+00 1.932096452978643020e-01 1.385200794605678798e-01 3.994324452251116764e-01 3.903100890485251551e-01 1.814846435307788941e-01 1.663551442758064436e-01 2.632503146918976654e+03 1.429688348566131140e+02 3.998346399501515407e+03 4.619288379377670140e+01 1.909918896088184965e+02
2.793239228634509352e+00 3.440329883470296224e+00 2.050690721837458597e+00 4.414610809512766743e+00 4.908077979863342044e+00 1.584040723442592113e-01 8.602546151659624662e-01 4.799984492977717565e+00 1.846278852821121030e-01 2.587446540416435070e+00 2.125139676573030711e-01 1.000986467933452917e-01 3.022576516471007224e-01 7.152093526145126834e-01 3.176525948983636161e-01 1.900853582499738015e-01 1.091938114481448110e+03 2.395815695290430369e+02 6.533090431788806200e+03 1.359437523612063501e+02 1.919574636058375177e+02
1.513643264033118996e+00 4.588053838909320170e+00 1.896828983117411660e+00 2.873063311619056925e+00 5.217555190524635123e+00 1.121439805310041199e-01 4.939467931469755380e-01 9.206268745802969278e+00 1.014779708946776382e-01 6.026689021601159268e-01 3.837453088717348582e-01 1.334526785068251287e-01 6.122324022876438621e-01 4.546768684030094709e-01 1.719229195869183269e-01 1.544537809881427748e-01 1.270948606679492968e+03 7.150946405024077990e+01 2.063014500440932807e+03 7.689562318119132556e+01 1.324602577997650315e+02
2.586378924776789212e+00 4.489658080575019916e+00 2.972864767964132238e+00 5.477302159469918053e+00 3.124567136423933356e+00 1.104456596731649975e-01 6.024192619386273817e-01 3.266324268337706727e+00 1.058608783582592749e-01 1.652819344123429790e+00 4.765702532299607164e-01 1.268915929526321928e-01 2.403935039933876305e-01 4.607104105635912994e-01 1.825548136349982031e-01 1.847175727258513755e-01 5.583943583953927373e+03 2.089997398710355299e+02 4.434526888692658758e+03 3.747898508588589550e+01 1.873512813433540032e+02
3.110652364291399685e+00 4.623915415671632445e+00 2.961631503930571618e+00 2.206793804605516662e+00 3.030403785804615335e+00 1.444389847024763196e-01 8.121681663559788822e-01 6.702908523912523009e+00 1.442512202739932026e-01 6.089294500527191456e-01 3.657533439526737817e-01 1.240126805907270230e-01 5.085574733543242187e-01 8.175611242182699856e-01 3.354089100862039374e-01 1.854890318210561384e-01 2.607740700001417736e+03 2.248791770173278906e+02 5.036314962182736053e+03 3.293199693364159231e+01 7.546846716793804433e+01
1.097928529678167342e+00 4.687530021784212408e+00 1.718916913809231728e+00 2.892598602312440370e+00 4.129183776733447608e+00 1.430644787051037758e-01 4.403828999207486383e-01 5.834306180349904558e+00 1.195843186351497611e-01 2.216613493318807748e+00 2.644034454033524772e-01 1.215618756795760480e-01 5.794732789625202107e-01 8.574001496371657094e-01 3.911080662596133628e-01 1.709961826155156905e-01 2.591522804127198469e+03 1.557574671812775478e+02 9.006032476803015015e+03 1.056948627411124164e+02 1.189150905751190521e+02
2.976550489949620903e+00 4.376002087551681186e+00 2.760949643832221412e+00 2.506466867118958497e+00 5.904016665412893161e+00 1.892410953037509391e-01 6.714928419266106285e-01 1.253476068374035579e+00 1.309824624687466743e-01 1.599853473111564339e+00 3.520161538298123283e-01 1.203079138624330580e-01 9.003813797322061108e-01 6.403084587440129871e-01 1.355695084281236806e-01 1.216933919854850665e-01 6.674389130974657746e+03 2.273726282890051209e+02 2.794624158917809837e+03 8.878348551228532415e+01 1.253736104573153227e+02
9.645715064976463360e-01 3.116141757436717619e+00 1.509478503059261012e+00 3.476673230877535659e+00 4.307768295293456617e+00 1.663977490565656803e-01 9.438877624342473238e-01 7.562001161813395100e+00 1.171333318514808236e-01 1.534364237675807319e+00 2.853181180448793874e-01 1.358894501175971492e-01 1.362158338896082288e-01 5.771772849170717645e-01 1.106105089395143098e-01 1.683604504004057589e-01 1.187627045797320170e+04 6.572856699929371871e+01 8.023933858071407485e+03 1.045917999435863806e+02 1.767857500117083589e+02
1.828310275115563543e+00 4.270609104216752883e+00 1.269107327876819014e+00 5.067138635597987495e+00 5.299503918309776296e+00 1.643718646136924644e-01 3.273952044299875963e-01 9.890146758716927167e+00 1.634536455604442828e-01 2.484668375584740740e+00 4.354040273478483325e-01 1.010331161592516597e-01 7.035005198000687798e-01 8.269581466234581235e-01 1.084309083733465268e-01 1.278758543854349727e-01 7.911764282662966252e+03 2.333818725835602379e+02 1.623377603629991199e+03 5.035191996046111740e+01 9.325898235968190875e+01
1.199483798564184411e+00 2.105218082779518163e+00 2.827155034324035920e+00 5.242550144057092965e+00 5.767133047793992162e+00 1.819726614716856150e-01 1.956015366845353931e-01 1.562472108671533189e+00 1.379304691704589525e-01 1.153287322223799372e+00 3.996925034286233913e-01 1.279004173559083746e-01 2.440619112255047740e-01 6.367839477320672570e-01 1.178018077186989698e-01 1.073972586587655931e-01 9.110647400026424293e+03 5.121548311214979776e+01 9.775848845171243738e+03 1.480611260980097938e+02 1.831496606633774036e+02
1.521828403954469167e+00 6.894247555849183584e+00 1.459052691933690360e+00 2.667243468986764121e+00 4.213993009185676542e+00 1.614488803281628748e-01 7.921302652849325776e-01 2.910456562332619512e+00 1.225393004130733987e-01 8.316157001149966366e-01 4.325380854794832475e-01 1.011353950073904939e-01 7.768587318698945143e-01 7.190659573790997294e-01 2.265551010203527005e-01 1.782016500969848261e-01 4.005251950575809587e+03 2.035797022465499708e+02 8.115592596191779194e+03 4.170780679163441107e+01 9.977297754999564461e+01
2.602810523148242350e+00 3.202303697601226240e+00 2.314686493301087555e+00 4.037786714329348214e+00 4.903319700562608574e+00 1.830142910481531160e-01 9.313426482033378973e-01 1.471680889334254783e+00 1.644365968717708681e-01 5.937519903522123776e-01 2.174236818629427526e-01 1.313129815632150255e-01 8.834300330487502295e-01 9.214683344850449487e-01 1.450505302013672948e-01 1.561611195777971028e-01 1.337260936017366475e+04 2.115721445189599876e+02 1.027736881999846992e+04 4.509628269028750935e+01 5.423811823822960321e+01
8.364688547563704502e-01 2.906876927433388769e+00 2.542914241798730046e+00 3.873789651435304293e+00 3.254678031124065285e+00 1.455664370946923025e-01 2.402954936565812050e-01 5.206672890249919305e+00 1.016911266855620721e-01 1.074791496671026358e+00 2.998564271167523110e-01 1.113104221725600279e-01 8.330428214607173976e-01 8.933036803273387561e-01 3.225582953875311132e-01 1.724289661104968507e-01 1.453714954560463593e+04 9.079321098700549442e+01 9.708756485648602393e+03 5.936388581670166076e+01 1.603699391866883843e+02
2.329786685337730034e+00 5.672551337717637310e+00 2.052254789649512468e+00 5.962310787958825742e+00 4.189718469167670989e+00 1.869345996019772527e-01 9.754439331429619608e-01 2.450301607959163519e+00 1.942946381686636304e-01 1.080450487536921189e+00 1.491776998541387844e-01 1.494213259921908232e-01 6.185657030766278375e-01 6.849706939004295281e-01 1.669905872861103258e-01 1.963885521568524140e-01 6.345353863198686668e+03 6.117799964784761357e+01 1.246202090783147287e+04 8.572971670969783986e+01 1.922796609331059585e+02
2.651737725227418352e+00 2.284355202734510648e+00 1.182004851855345651e+00 4.500626058774004790e+00 3.822519387328076945e+00 1.810819231570511278e-01 2.209894927985527890e-01 3.464407439846991288e+00 1.919112029680916931e-01 1.091595219852983467e+00 1.764882749547126983e-01 1.381361571240432018e-01 8.632387098618727883e-01 3.223629111243877521e-01 1.636338669456059991e-01 1.437043021962441380e-01 4.474892705028984892e+03 1.774841867051608233e+02 5.166133596509637755e+03 1.730096046645034846e+02 1.019777346434757703e+02
2.062624044205923379e+00 1.727268749418990890e+00 1.625229496637773385e+00 4.002216549259387079e+00 4.683378698975507959e+00 1.897103255769435060e-01 9.360678628041859684e-01 2.646094942924987592e+00 1.957531413977816881e-01 4.493732091754852886e-01 1.962467055176664865e-01 1.316157661219589103e-01 6.652983935666013648e-01 3.582026189388096693e-01 3.757571100406356113e-01 1.245002979361029827e-01 1.098799370717761667e+04 2.533092197303725186e+02 5.627514364440228746e+03 6.686587638089085317e+01 5.928566750755861392e+01
1.842903574768379960e+00 5.500018872706750273e+00 1.101834743674587669e+00 5.381780227650814652e+00 3.274256365637948196e+00 1.761218243566154973e-01 3.088443104441034315e-01 7.915405053935027802e+00 1.892795684236175668e-01 1.670401097301334348e+00 3.820383507856545124e-01 1.042725476124213430e-01 3.904491517037443904e-01 1.825863433279443226e-01 1.479278694222340429e-01 1.619442209721530523e-01 8.550867911095090676e+03 2.629699234254487692e+02 3.536743146623221492e+03 7.015518065315211516e+01 8.826302437935066791e+01
1.269053302303464692e+00 4.715271218134091669e+00 2.480795341159882650e+00 3.566976663173107465e+00 5.041766918648008300e+00 1.979635135236745558e-01 5.773546026273699283e-01 4.078409962443814152e+00 1.798254083960899030e-01 6.889871265659330835e-01 1.659917563086044656e-01 1.036308199103782163e-01 2.912200857585665048e-01 1.283953525997449385e-01 3.333507638602648537e-01 1.128659410995790924e-01 5.078026300696667022e+03 2.354230289445646918e+02 5.065376012331685160e+03 6.404722011380073354e+01 1.376602714430455592e+02
2.273929691408852261e+00 5.151345219144858767e+00 2.718977276106703478e+00 4.225300783734684984e+00 3.596620548071821410e+00 1.400194309017693539e-01 1.529449927541594312e-01 1.488487061851407223e+00 1.961669454109781774e-01 1.637424069873894661e+00 2.111996315317697936e-01 1.109178927704727036e-01 7.293322363810930131e-01 4.322028312607588685e-01 3.130374265663481426e-01 1.221667944660905780e-01 3.161117345765886057e+03 1.376877717551200817e+02 1.274470989631662269e+04 2.812093841961478091e+01 1.983564814791252502e+02
1.158652408590391314e+00 4.458524840193057059e+00 2.228993582179267019e+00 2.988955937070790547e+00 5.960179516192002147e+00 1.303589689548044772e-01 2.474774582823115188e-01 1.646891613355870643e+00 1.881478585948485327e-01 2.644312075903880288e+00 1.642804900754364084e-01 1.258808099180968310e-01 4.085132051909914352e-01 7.076198694238667875e-01 3.708156112679966698e-01 1.496091212697210071e-01 1.366326906295699155e+04 2.241094853743833539e+02 5.762423107277773852e+03 8.039751877287605453e+01 1.819695013971583535e+02
2.200410316443307757e+00 1.493879475442157601e+00 2.426631897041326091e+00 5.545448109032072637e+00 4.677742618009596676e+00 1.463976671480278491e-01 7.480348964873972939e-01 2.728956852204319272e+00 1.041073690018202019e-01 1.713031601534425130e+00 4.418016741990372642e-01 1.093176303219877965e-01 8.413999257725486292e-01 8.349559359424707505e-01 2.704414301683425448e-01 1.562243394132994678e-01 1.295322514226875865e+04 2.889786963883789213e+02 2.517554494991937645e+03 1.824023021225752643e+02 1.419799862830435018e+02
2.218088968344900991e+00 7.972668743449460749e+00 2.802476430239694949e+00 4.941649439967296331e+00 5.674155920406176001e+00 1.160885270968215199e-01 4.634300231327974640e-01 4.653051346680790346e+00 1.432529530180950417e-01 2.168032886242774460e+00 3.932416454962324170e-01 1.308940477590552209e-01 6.871153983051843106e-01 9.532516380546058876e-01 1.090160983139747408e-01 1.641471223619458408e-01 8.629689401993075080e+03 1.713033046764830374e+02 3.377861975583953154e+03 1.305597834180774726e+02 1.397955940383649818e+02
1.701919478415349296e+00 5.086938185414492608e+00 2.446553623737269589e+00 3.325868127911533190e+00 5.397466254696189125e+00 1.045491585414035224e-01 1.328776624359382652e-01 5.103990575100049831e+00 1.588459711783044848e-01 1.547538442379212231e+00 3.562189072408236123e-01 1.405293421230705830e-01 3.955842825863228329e-01 5.831859741891126658e-01 1.907618426410508383e-01 1.573207107444724029e-01 1.414494692474009935e+04 1.887848235534022479e+02 5.476671554452021837e+02 8.466471177836254469e+01 6.474513251597718977e+01
1.610526377697969469e+00 2.973669950833346398e+00 2.599721836257218754e+00 3.664197455549504490e+00 3.892033852996225285e+00 1.220491101647954851e-01 1.575480731207770657e-01 6.411373683326129225e+00 1.736891859018051543e-01 7.070192672810837742e-01 3.634313027506720362e-01 1.060158068154699040e-01 4.480128234150140276e-01 8.512746885716143685e-01 1.044673924453556058e-01 1.237094222397167875e-01 7.795388223935996393e+03 4.275784645052499400e+01 6.207302394319873429e+02 9.520645201398467350e+01 1.791219877940461629e+02
1.605300015863816210e+00 4.062839203130399923e+00 2.185414717515675953e+00 4.832117265587180022e+00 4.979325682009280385e+00 1.263488903805858876e-01 6.677961928144587889e-01 7.983005909090871377e+00 1.742438894078116030e-01 2.526083013650550324e+00 2.810440375622005327e-01 1.398302056268614091e-01 8.586606779469819761e-01 3.930781483477284732e-01 3.958348950902793595e-01 1.533263032590927999e-01 1.002044178341574661e+04 2.268974051718219300e+02 1.717102312249212446e+03 1.721831811649427095e+02 1.456803642970030808e+02
1.758741585259474771e+00 4.640815921403406819e+00 1.886070956466564752e+00 3.023609716966733529e+00 4.598731691092456053e+00 1.273915922202395745e-01 7.386175967972636869e-01 3.244734641770282479e+00 1.616863193899279738e-01 2.953100135236145896e+00 2.839780786585853756e-01 1.477828111030953517e-01 8.743236106610774439e-01 8.049375325812682114e-01 3.248248983691859326e-01 1.960097242099579362e-01 1.156927775127165842e+04 8.367552950565408310e+01 7.907785720884246984e+03 1.530504026025157316e+02 1.881117159167297928e+02
1.169593090038689498e+00 6.607470682310511378e+00 1.608821515715527894e+00 5.437839463138214313e+00 3.130319191490556818e+00 1.955125724197356585e-01 4.458536100076911923e-01 3.829809160606516549e+00 1.664835096421736216e-01 6.382915603871061050e-01 2.450362436558067014e-01 1.195099656094837648e-01 1.654995886162482499e-01 3.679224803923267784e-01 1.772002197126286149e-01 1.170229015207449597e-01 5.408989838554929520e+03 1.471217964619540908e+02 9.091653680461698968e+03 1.287679883153463436e+02 1.385403625176666083e+02
3.012772032347810658e+00 1.485734921617587689e+00 1.815103922479775367e+00 2.233354287844519170e+00 4.384933845387703144e+00 1.939123389806188258e-01 9.985763963401151910e-01 7.640171926986492501e+00 1.778021751303700826e-01 1.616621071217697381e+00 2.240150158028720029e-01 1.319627285739360667e-01 6.144788312618163495e-01 4.997116943489714469e-01 2.939111787228715911e-01 1.398311882781743121e-01 1.161381605388928801e+04 2.199185578981896469e+02 4.633725092177026454e+03 3.137203271310108832e+01 8.531025359182896750e+01
1.021682618376640539e+00 5.630911487703180285e+00 1.262013366245008816e+00 2.618178690468369041e+00 3.971222752154647040e+00 1.091887777560216904e-01 5.990631713233479649e-01 2.625528580658253563e+00 1.096433052831111699e-01 2.887273831826234094e+00 4.571942528919554771e-01 1.469581836268007424e-01 1.908379360123972635e-01 1.740930221692750801e-01 2.195009406210537417e-01 1.693605650519009465e-01 7.882993753291675603e+03 2.947162604056344435e+02 1.003780669264728022e+04 1.668675015156849781e+02 1.644192897166281568e+02
2.149886536834795692e+00 5.261548412806013708e+00 2.805125864758088561e+00 4.346250274108101053e+00 4.078470794994421667e+00 1.035304533747842121e-01 6.653071907828309595e-01 6.278957634086025585e+00 1.323339746082821677e-01 1.348850356732884670e+00 1.359967922564472576e-01 1.253010928822735348e-01 2.735380724051292844e-01 7.206601664452360057e-01 3.378856595074992697e-01 1.998198352869082761e-01 1.332934970325141876e+04 2.103877596483221453e+02 1.209784680518544155e+04 1.328933359007647255e+02 1.190705447527203091e+02
2.861174705510368454e+00 5.039456619278090521e+00 2.289964263316140336e+00 4.556986160175400258e+00 3.548025503208899867e+00 1.633593881052115837e-01 2.076692532493204513e-01 3.480406240085798686e+00 1.479188939009335457e-01 1.901650942801613731e+00 1.740028079764521785e-01 1.023025202384109100e-01 8.263945409015872601e-01 7.561240336894112790e-01 2.670114688859952512e-01 1.585962933666178187e-01 8.378457656561553449e+03 1.080337445525582325e+02 2.993661958412463264e+03 7.152026410520292643e+01 1.619803114660450092e+02
1.066637537045618034e+00 6.538942951899745282e+00 2.997897301293567462e+00 5.735110046602322598e+00 3.765663532837421279e+00 1.879559882149458849e-01 7.333711338482187259e-01 6.105162986127092850e+00 1.948927053204137505e-01 1.869537450092551678e+00 3.417336451708825606e-01 1.286230352989949643e-01 4.645464319348389104e-01 2.749203011494625315e-01 3.264440422384881080e-01 1.166555790325741054e-01 1.198276403041153571e+04 1.573898828319970455e+01 5.880997795779847365e+03 6.949120417459312193e+01 9.580460042850543800e+01
8.599533970848916020e-01 6.102427826460740334e+00 1.910697206389482927e+00 5.100251783670548988e+00 3.199572062838558217e+00 1.796952913820047959e-01 4.968291912737018423e-01 1.239185290510004478e+00 1.516426640711296681e-01 1.747728509036888367e+00 3.029897552767417679e-01 1.297124498938764248e-01 6.418255331568041289e-01 8.149101201887029022e-01 1.838370794323760937e-01 1.927321332265628240e-01 3.914754170539144070e+03 7.026753040975876274e+01 1.189387069243513906e+04 1.445261104189128787e+02 1.487605588062620541e+02
3.037193003781330169e+00 5.600486132747763079e+00 2.867402448837759188e+00 3.440911783541354740e+00 4.029966694539346861e+00 1.918154598684612688e-01 8.081246105260603274e-01 4.372284928753517264e+00 1.275871727858959304e-01 2.599903779575908125e+00 1.390649757384805896e-01 1.102996251480867079e-01 5.929750348390548931e-01 9.584709997850229257e-01 1.961847163719422915e-01 1.462598588276078915e-01 1.079688616622791960e+04 3.144609526892592299e+01 1.017264159447847487e+04 7.658751214533134544e+01 1.440000360243670912e+02
3.154091488917179831e+00 3.725830239767386587e+00 1.423105591758565325e+00 4.051162624598535267e+00 5.377333106305167476e+00 1.304804775269636508e-01 2.269028053319329663e-01 7.045075058923839784e+00 1.450756125532523533e-01 5.845721900244665870e-01 2.579083673042420477e-01 1.283887267030158763e-01 6.243387356895973017e-01 2.730412423712039738e-01 3.988121901753034493e-01 1.282586242447837921e-01 5.022077553023217661e+03 1.847650125363207962e+02 7.033000092719206805e+03 4.557230859341709106e+01 1.508335820545314618e+02
1.837227938584467646e+00 2.073697002128485511e+00 2.965182934275938376e+00 2.362987076342790704e+00 5.083741996283499986e+00 1.095887403079629646e-01 9.382331984686391735e-01 7.497956543599382684e+00 1.189480623369390255e-01 2.744065264258670478e+00 3.752008442845474745e-01 1.050104009967805924e-01 8.288511348659638456e-01 3.469553269807370555e-01 1.249621576892579050e-01 1.006472236835145723e-01 6.167461071265834107e+03 1.132074538761359719e+02 9.996375070949052315e+03 1.904634358552295055e+02 5.604165313912800173e+01
2.475319680920188059e+00 1.943016382023150523e+00 1.563188918797209892e+00 2.931488971310586944e+00 5.842549439374803200e+00 1.695024623175275247e-01 2.352964505966066433e-01 6.543771555990346656e+00 1.393312702895465049e-01 2.932011880874882959e+00 3.690059239681623415e-01 1.197166779830959038e-01 2.310438285199427899e-01 1.656412346595575458e-01 3.576954931462691389e-01 1.100866851058852625e-01 5.314708360418087068e+03 1.457136274806830158e+02 8.648863246705270285e+03 3.889442444921183295e+01 1.615337113693543643e+02
2.681242701082173774e+00 6.663111329650021730e+00 1.445149349754326629e+00 3.716810393884415475e+00 4.764150296732074352e+00 1.225039223211352446e-01 3.770289852768105021e-01 5.072669013575066721e+00 1.124422263145292838e-01 2.832089913270094073e+00 2.731529476981506832e-01 1.131501559354314013e-01 6.499049929326803365e-01 7.127679357190511711e-01 2.522734001782029889e-01 1.626216994459844245e-01 8.409681433268759065e+03 1.785726469813015740e+02 1.186395116593569219e+04 1.689058845598366361e+02 1.912184037855826091e+02
3.042226333508827096e+00 2.526920051184465166e+00 1.701478509491800351e+00 4.098823700072030007e+00 4.394391472022695311e+00 1.547413944860656643e-01 6.531707285976766642e-01 1.178596989686598207e+00 1.228884295341282351e-01 2.044123792705887954e+00 2.336621726301533475e-01 1.139688308263931138e-01 5.067025211317244260e-01 1.585429042859736459e-01 3.032434107298591641e-01 1.421702573739657138e-01 6.031173293783177542e+03 1.173979099021968722e+02 1.239619677934825086e+04 1.780595222622937115e+02 1.548477513214975261e+02
2.699311345279051366e+00 3.880112626646882390e+00 1.971279168453939246e+00 4.767771951295740607e+00 5.798975164399110760e+00 1.762859564292946490e-01 6.496024664882013022e-01 3.944786037071524643e+00 1.842106937544493173e-01 8.286231485849206990e-01 2.946101894215076289e-01 1.312322533636156863e-01 1.644754102087357672e-01 6.035910637500838671e-01 3.156791244828166532e-01 1.828863885501398889e-01 2.217941251273311536e+03 4.947421506023437843e+01 3.791447266159019364e+03 1.072426887968394027e+02 1.453550985703191714e+02
1.137420887705563377e+00 7.878781851816469839e+00 1.140510502591596032e+00 2.112756955806198711e+00 4.999434212676820977e+00 1.138590944667072780e-01 1.402600518002753982e-01 6.684712607524589068e+00 1.984012247112652283e-01 9.701395427906798208e-01 2.741910913977387287e-01 1.115487157289211106e-01 6.393977115031731495e-01 3.155233997897091691e-01 3.338463558534210396e-01 1.041077799471677168e-01 1.284687309592068914e+03 2.215307197754094091e+02 8.491146492257958016e+03 3.672888787515896780e+01 1.426474100476400508e+02
2.047976578335147124e+00 4.739198695809979434e+00 2.093905469865333657e+00 3.411997482583351449e+00 5.525792385367588544e+00 1.498332377490620981e-01 5.629945530721888192e-01 9.985735572724689035e+00 1.331331952314734057e-01 1.439394760061504464e+00 3.686549796536838786e-01 1.208675900392191527e-01 3.363585167055508363e-01 7.385990271094700077e-01 3.852053251608542617e-01 1.794325459178984505e-01 3.974942549214218161e+03 2.975847134223895409e+02 7.016722660828530934e+03 9.397278358972087631e+01 6.420514487544348015e+01
1.077592040064778711e+00 2.326908832430567120e+00 1.901441080859631594e+00 3.074858995118018967e+00 5.128734282185360094e+00 1.671129658966574727e-01 5.828592351941142002e-01 7.407584950020527081e+00 1.531326519192230395e-01 1.538011202712902925e+00 3.576464355132028539e-01 1.353332915289385263e-01 9.852098030067248935e-01 5.207326720735190317e-01 2.038698587216296043e-01 1.454031588505734496e-01 1.046593836155100144e+04 1.909415586258250386e+01 1.275726962629603076e+04 1.225625623998641345e+02 1.061046263612977896e+02
2.783391024590984308e+00 6.068361665082207423e+00 1.928368701682737552e+00 5.085565173596185318e+00 4.773685187151560427e+00 1.232074390477242848e-01 6.387948476979131707e-01 7.549484764966534200e+00 1.480916747626266905e-01 6.255748666027365346e-01 2.886834033906744423e-01 1.327102186234892789e-01 1.343739760464742750e-01 3.990399205541634853e-01 2.870267631213923032e-01 1.714883396234967994e-01 1.092855978699134903e+04 6.213906315494702426e+01 1.511107096632854336e+03 8.312879113208026638e+01 1.519941869381871697e+02
1.631610941266058212e+00 4.977016656333413280e+00 2.064552968672303201e+00 5.314005302847414569e+00 4.944059874795327048e+00 1.032771438612996584e-01 9.567413912095849016e-01 6.666573621033674790e+00 1.810142252638052840e-01 6.185449248726643257e-01 4.186656206942288572e-01 1.201071402898654938e-01 3.321211423141587904e-01 9.076074048454327858e-01 2.614890658567115000e-01 1.889951118804189811e-01 6.899860249108928656e+03 2.074405932062097406e+02 3.227563072912703774e+03 9.440451803226410732e+01 1.034480732822934215e+02
1.556247900338535661e+00 3.565521866724264299e+00 1.395952286541079390e+00 5.850908770393838942e+00 4.100572623796563398e+00 1.380085991438676218e-01 2.929246828923743329e-01 3.660914549309978838e+00 1.381784236557717649e-01 2.776884726125977920e+00 2.027913691132597340e-01 1.089684938357823873e-01 5.710112584027650096e-01 6.068311498603762288e-01 1.687518776033588019e-01 1.085791450260588237e-01 7.513683300931575104e+03 8.933388665713557941e+01 9.280905241369098803e+03 1.810780480690418415e+02 1.089474692657409776e+02
1.876190335475255822e+00 5.489377023672682654e+00 1.739192931911160311e+00 3.066953998357402789e+00 5.450150940063256400e+00 1.889515135878210850e-01 1.921536267958012800e-01 5.109009605479877258e+00 1.034093640284075577e-01 1.183417879797648453e+00 3.471779274046563613e-01 1.328149853740192565e-01 5.118166420245628956e-01 7.702193099570330270e-01 3.667558488081298362e-01 1.739146620375900676e-01 6.979113946686744384e+03 2.765369486485601556e+02 7.138864229337166762e+03 1.801835478528694239e+02 6.878913251404931373e+01
9.323281876337148333e-01 3.086471365132070321e+00 1.922970084761573162e+00 2.351005022628567254e+00 3.110175854400437867e+00 1.259527016965995005e-01 6.777751829710495501e-01 4.776646351544938440e+00 1.625388775434171151e-01 2.440867648489486452e+00 2.238528416108158114e-01 1.368321712293526504e-01 3.415151521021509984e-01 1.726380453554784977e-01 3.525915170852422786e-01 1.154360333283841744e-01 6.142929153956188202e+03 7.590147368273308359e+01 6.346289859390186393e+03 1.945284859851528836e+02 5.201246917363538813e+01
2.888003684580845665e+00 6.441826810365398615e+00 2.401252153425391445e+00 3.732228410375866723e+00 5.025636463712541691e+00 1.709699913849846153e-01 5.531568445012614577e-01 2.350062019120447765e+00 1.405237612853291740e-01 1.410598693647165058e+00 4.918270837683133001e-01 1.493751304314117068e-01 4.526435459311510812e-01 5.488023966916776297e-01 3.659293652082927784e-01 1.509423176375794262e-01 3.507179017544272483e+03 2.799681724153975324e+02 8.243224984235268494e+03 5.916109980059027862e+01 9.141234508440561513e+01
2.490421447579061365e+00 6.149733882252883532e+00 2.691178276193955554e+00 4.143549809413567431e+00 3.755709119185648426e+00 1.859196355908467879e-01 5.356286083213023241e-01 5.050382190409112404e+00 1.077285978330624200e-01 2.664039023754778412e+00 1.066430300858755564e-01 1.017147169640797988e-01 7.875341671306514968e-01 8.840723848454251632e-01 3.431099423629847545e-01 1.107075372055202345e-01 8.043076367752875740e+03 1.923367931379929416e+02 2.119047568533634148e+03 1.578930387823421597e+02 1.588888630088463287e+02
1.904876207841673663e+00 1.568301886142111634e+00 1.732332450312429106e+00 3.722943511134332084e+00 5.167445686594659193e+00 1.788053192251165269e-01 6.847375643320595673e-01 1.758736560851002828e+00 1.227980916325655536e-01 8.090956803417790333e-01 3.540165455581656406e-01 1.187673508065228423e-01 4.055810953544012332e-01 2.360901138888090445e-01 1.741821286467574170e-01 1.444872549457735800e-01 4.739434161334443161e+03 2.939357190349388205e+01 7.638402917479792450e+03 1.360550706377205188e+02 1.916823171658265892e+02
1.537584249425047567e+00 5.620018874649577612e+00 1.708591885235367869e+00 5.953128420774332241e+00 5.210682274712805651e+00 1.143742745066451544e-01 3.747807406028444976e-01 2.753111963230747694e+00 1.950571332068998520e-01 2.103823323639404386e+00 3.256872997504643985e-01 1.003165934898600509e-01 7.695858794045172813e-01 8.337745781330415662e-01 3.148543709270459900e-01 1.392178907070775185e-01 1.005009091764628829e+04 2.733514499339504766e+01 1.061963154619504166e+04 4.096455938027962418e+01 9.192140423716386977e+01
1.359856346948765449e+00 3.210847327510070848e+00 1.486682117570053752e+00 3.433079678520124745e+00 3.084522800191924041e+00 1.312725464067361347e-01 3.812169615135874157e-01 6.505676633507671447e+00 1.498864128512709115e-01 2.127294299052515658e+00 4.461536532575097747e-01 1.135442895934181823e-01 3.584840063166306878e-01 5.466429075207269728e-01 3.211583083518817494e-01 1.903932288737049117e-01 9.090537681370631617e+03 1.975762466219606210e+02 4.453446356622656822e+03 1.806715490176517847e+02 1.623812641252527555e+02
3.079476712758142831e+00 1.641108568224639352e+00 2.877666381490171954e+00 2.340024081209662654e+00 5.815153705751791691e+00 1.959095547335893694e-01 4.981942773578960093e-01 6.459130459874257824e+00 1.546041090264656526e-01 4.006985994255160555e-01 1.629524058714946766e-01 1.437843351168884842e-01 2.686173419831405784e-01 6.325019100561116714e-01 3.881462951457436139e-01 1.319946254084797543e-01 1.296378531774457224e+04 1.810060399946681002e+02 2.813704336784756833e+03 1.023791283543091737e+02 8.848737538984707385e+01
1.642353857639248904e+00 7.331293479483075970e+00 2.243471696847673336e+00 3.118065756240976150e+00 5.072628765022419550e+00 1.207085951535119828e-01 9.539952224254686364e-01 1.966240889557915761e+00 1.088180459803815975e-01 2.789557728875865283e+00 2.379534523932270718e-01 1.092190226053717378e-01 7.262886056080873898e-01 4.808181822927959370e-01 1.463440093883616455e-01 1.323150882938512740e-01 6.766106589297824939e+03 1.850611052518878523e+02 8.789267280048374232e+03 1.294987237211524302e+02 1.338068281038307248e+02
3.021984227441577353e+00 6.366223317227815315e+00 2.339415290521820623e+00 5.805881855092627220e+00 4.476196056012916813e+00 1.041899007089932272e-01 2.811086317114719346e-01 1.649496169589860228e+00 1.067402672419581755e-01 3.769626144184026195e-01 3.854567580689567396e-01 1.499530146216841164e-01 3.842142092063646208e-01 2.538304931727631275e-01 2.474849887601676679e-01 1.953095356700356167e-01 9.439274059089284492e+03 2.711195270326119271e+02 7.544405809342703833e+03 6.817491122560730332e+01 1.058366025458566639e+02
2.337418542166771918e+00 7.463783614038991487e+00 1.827980566392355399e+00 4.076520388023906705e+00 4.776954626211008303e+00 1.416773210734288690e-01 8.415206337403883241e-01 7.589563733754191688e+00 1.898708117817047292e-01 3.140353434041084357e-01 1.905176679899820980e-01 1.207916139540814310e-01 5.394797277721469220e-01 4.818443501623643765e-01 1.993001223690293311e-01 1.919189993818939122e-01 6.288328738576716205e+03 2.521725030505535585e+02 1.134256491861563291e+03 1.121359209118886753e+02 1.860939378834844717e+02
9.745644823596937290e-01 7.033093886314555121e+00 2.649408360347852209e+00 3.870712403608266072e+00 5.516984614918290397e+00 1.752228287550845753e-01 8.260298499989278120e-01 3.020411774313259468e+00 1.527367769659707109e-01 2.034216418450737862e+00 1.544963587115298354e-01 1.154638632607837834e-01 2.997728177817449158e-01 2.441238908078111336e-01 3.702491123413392815e-01 1.510157933024337540e-01 1.589482348993703681e+03 3.813707072863442704e+01 6.596612094895073824e+03 1.113882030638923339e+02 8.037961399211178559e+01
2.775331323073209511e+00 4.929248712952958300e+00 1.399091955646011964e+00 3.580811934939697405e+00 4.606066905732627781e+00 1.611562352790160690e-01 1.174936936735688914e-01 9.743922215718807678e+00 1.081261863593251521e-01 2.749430126015359743e+00 1.125650004205030058e-01 1.374981726387000669e-01 9.694715986334562219e-01 1.633702591805490378e-01 3.201987618976445127e-01 1.632140803345446534e-01 9.489291691937802170e+03 1.103205302993711712e+02 7.865939707525801168e+03 1.679298871975047973e+02 1.299007784811167312e+02
8.046464639005918018e-01 7.828105726726070301e+00 2.376367303186940561e+00 2.052905227797299226e+00 4.425312252436342852e+00 1.975626995688419818e-01 5.434353952940189636e-01 5.903231025078828687e+00 1.118307337049743999e-01 1.718832095326420673e+00 2.824437669808258500e-01 1.329620386988906999e-01 8.388358619932816396e-01 3.947729298402591347e-01 3.294822357001317981e-01 1.404719395748079136e-01 8.478770442642246053e+03 1.052738018941931699e+02 1.324676134008146164e+03 1.418806579503677767e+02 1.402851638774681646e+02
1.987556352217420219e+00 2.008342014360035233e+00 2.114817382536629431e+00 5.275948439577685889e+00 3.187198990902881945e+00 1.768274193881128054e-01 4.615188244409398344e-01 3.786076890663088612e+00 1.492985597073325787e-01 2.335624590379606680e+00 3.139483802442842864e-01 1.159667824706918926e-01 4.466829492158557180e-01 7.282472656812816192e-01 2.330649019034456704e-01 1.932315093928387295e-01 1.105782320952076589e+04 2.456489649533755255e+02 1.116852224536446556e+04 1.929608005088713867e+02 1.494063558904406364e+02
2.510819156551080233e+00 4.364035697563426908e+00 2.456100445477906735e+00 4.905113944068393295e+00 4.138898934456337386e+00 1.485275589446465871e-01 6.373283167388499315e-01 1.230094775472458268e+00 1.909289451749577315e-01 1.441722786670627698e+00 2.871132493770944816e-01 1.430547111819963635e-01 2.523533164151148811e-01 2.698094435034336103e-01 1.378021764613924782e-01 1.033229710224210091e-01 5.310358639338282956e+03 1.068103276335542233e+02 1.099427803344446875e+04 4.938114437728412298e+01 1.820664735276083661e+02
1.733214630709067450e+00 3.398215380503594396e+00 2.466449229512030605e+00 5.456442260706638514e+00 5.772967465857089309e+00 1.474486503868379650e-01 6.200885030327311087e-01 2.389757432072142862e+00 1.765483076237334692e-01 1.509646028181558020e+00 3.254009193387698007e-01 1.087797095523603125e-01 8.721987293744245529e-01 8.679586860083808864e-01 1.997788667907818838e-01 1.196944083059152258e-01 1.070709666762793495e+04 2.648505434572951458e+02 8.190779594067410471e+03 1.710423710942129389e+02 7.235114975309488727e+01
2.935676360357932779e+00 2.288681466943573994e+00 2.561310587215526624e+00 4.782773744301183072e+00 3.770190077609417489e+00 1.505685206030278889e-01 7.663262717086284370e-01 9.918909005214089802e+00 1.250101579002573238e-01 2.378168890803647795e+00 2.550380025455997735e-01 1.367522943024613302e-01 8.657572492894173299e-01 7.044719544403019729e-01 1.349440014897752560e-01 1.658002284430013518e-01 1.134875124926673561e+04 8.100346678236992659e+01 1.429425529776493022e+03 2.947545225080017417e+01 6.296224107910516921e+01
2.536605915296995306e+00 2.780098423735489988e+00 2.024438076425163935e+00 4.247322776610133133e+00 4.740585086902206591e+00 1.898364177882212733e-01 6.325435727892285698e-01 6.977034338311197459e+00 1.065961354989682919e-01 2.840467524376986574e+00 4.429845012762255729e-01 1.206467794927598841e-01 4.035244130101346416e-01 2.193568318411677209e-01 1.821869570717812858e-01 1.762489500257711228e-01 1.382236749797689663e+04 2.348458432707956547e+02 5.818299961577616159e+03 1.389759233374318228e+02 9.762024979941701019e+01
2.389413989411826478e+00 6.867299895952097444e+00 2.707947666576144385e+00 5.556612959125089901e+00 3.280104860351423568e+00 1.600681786499513481e-01 4.836390510517131203e-01 5.520123242458319979e+00 1.043968868399722805e-01 5.612605534788555062e-01 3.187072491389000284e-01 1.219533469619089872e-01 7.651642854063073207e-01 1.771583917806970054e-01 3.540656198906686480e-01 1.069863008209278044e-01 5.092191504147132946e+03 8.976967441615310861e+01 1.108850757273445743e+04 1.964306059814832395e+02 1.707832256599638754e+02
9.199434063821315677e-01 7.196085123894981450e+00 2.712563087281043117e+00 5.672690130030806799e+00 4.629888015104344667e+00 1.167290877876613064e-01 8.235704504998815345e-01 5.882366814527002497e+00 1.420300342353738032e-01 3.944084336882412445e-01 2.488841604001927610e-01 1.188816306688496721e-01 7.350765687733733511e-01 9.000839203747992290e-01 1.846524017835028397e-01 1.218448232459716229e-01 1.040483074260165995e+04 2.936362458445278207e+02 5.675764361500404448e+03 1.333160488316735268e+02 1.141469544133380936e+02
1.752424630176207421e+00 3.383874844063901044e+00 2.981406886635466158e+00 3.635275718822035262e+00 3.137893909155436312e+00 1.966903755790130603e-01 3.043670164961559399e-01 4.203481461444384948e+00 1.833974809345568779e-01 2.983551838552435775e+00 4.099611668941042231e-01 1.143453984986749494e-01 3.598550828620865616e-01 9.275404729826481898e-01 1.700878748163223153e-01 1.570662742190859218e-01 1.439484414232117888e+04 1.943548898481504636e+02 1.080298496552847973e+04 2.998465548904177069e+01 1.391313627268290531e+02
1.417586315520823703e+00 3.222527581271209307e+00 1.744799205399027553e+00 4.807215578595082306e+00 5.625945700343454980e+00 1.054331682002745407e-01 7.044812393892742053e-01 5.255088611903688367e+00 1.661140925509099198e-01 1.114353736829992503e+00 4.987700984326898235e-01 1.039466495478895691e-01 7.013356838303763663e-01 4.079356094800029586e-01 1.709096024419718973e-01 1.401893536599534140e-01 1.110683297162814961e+04 2.956583452646037813e+02 2.846967152943147539e+03 4.773880608738588194e+01 1.112263544154561714e+02
1.900078802297838099e+00 3.459736472541069308e+00 2.487297529002555407e+00 4.235952960861627759e+00 5.228990785242784156e+00 1.722542386194881314e-01 5.864224053829806271e-01 8.660814922624325618e+00 1.182766481786068496e-01 2.299948825660260709e+00 4.164183280909317109e-01 1.264775090412802450e-01 7.905939891652539186e-01 8.857488565749718212e-01 2.764241916202458960e-01 1.021718313013633694e-01 9.269326905051084395e+03 2.552148236993255352e+02 8.802236854173303072e+03 1.921241818120001597e+02 6.132652533620688473e+01
1.582185381737996277e+00 3.634349366723017116e+00 2.137352389600222669e+00 5.523471249936664940e+00 4.657563106181278556e+00 1.323843122690541441e-01 4.724651404912629804e-01 7.950479480409689437e+00 1.281478092380961831e-01 1.235559150748696489e+00 4.173110069371956943e-01 1.073191619974386002e-01 5.414292670742486546e-01 9.678401994098723149e-01 3.319047056061696921e-01 1.259107117493959704e-01 1.001526834665341448e+04 2.306592265397898416e+02 8.530396175527994274e+03 1.428843041028649736e+02 6.924884767539757036e+01
3.180068159657726490e+00 5.774015815605482160e+00 1.522627178911784451e+00 2.691427989180514402e+00 4.689125580830826756e+00 1.506126708697539951e-01 7.749155347224142565e-01 9.929149358561945249e+00 1.512218047268240051e-01 2.568654391736415299e+00 2.660593935259877862e-01 1.247581217043671198e-01 2.873523986113797335e-01 2.044910546112200245e-01 3.141096950347540551e-01 1.348741869635758928e-01 1.388525657802627029e+04 1.362579481150269203e+02 3.755722442398841849e+03 4.713245787731186454e+01 1.103973463704138283e+02
1.445242786532014545e+00 5.005800221528883043e+00 1.246356639993222881e+00 4.611842884613036375e+00 4.996100733038467467e+00 1.196252578300406044e-01 3.931999214031778322e-01 4.657860584276487081e+00 1.520880872235066961e-01 1.680965050421996398e+00 3.050595583177134751e-01 1.132520924065667095e-01 4.250709063941602306e-01 4.624023493551915331e-01 3.683997363351786403e-01 1.826959854744752976e-01 7.476056622167582645e+03 1.259850738572023658e+02 1.024704303509833699e+04 1.858941771397093135e+02 7.694770885169629082e+01
2.293613881097959606e+00 5.419036549342337139e+00 2.843524947861892471e+00 2.579592293509112455e+00 5.079270779356199306e+00 1.007516223318779824e-01 7.564439135849634344e-01 3.432742456735551784e+00 1.864215722967086653e-01 2.755718858472492983e+00 2.159548320553879297e-01 1.474743873560921958e-01 8.599853935639578673e-01 6.464671921552003209e-01 2.295545970750275944e-01 1.500462979564627375e-01 3.843146399120577371e+03 9.658200567077393828e+01 8.752928741800316857e+03 1.269400318793869786e+02 1.801528866257145580e+02
1.745565860553261572e+00 6.188650654115082972e+00 1.676842451311179705e+00 3.281591934451738801e+00 4.890047089181173590e+00 1.245343432995142108e-01 6.798574222872457717e-01 6.798050997107929483e+00 1.703100301602102906e-01 6.006743096032098883e-01 2.303206311054805944e-01 1.333791986792118023e-01 2.753503472604322821e-01 8.749160518863108305e-01 1.570804338359848007e-01 1.260453156931272689e-01 1.769794884808169854e+03 2.421829741301057766e+02 2.676664326943501237e+03 1.763911986144222226e+02 7.038793014538123316e+01
3.193308295954392584e+00 7.687758369995808749e+00 2.029157623735343918e+00 2.624054755619381396e+00 3.226521667557110895e+00 1.345918191293428712e-01 4.313881128764791573e-01 4.419995729423915165e+00 1.407850411985056005e-01 5.548052050206343511e-01 4.692568057392972891e-01 1.101208681850963239e-01 2.071204695599848655e-01 8.003806075600247150e-01 2.857783503240937106e-01 1.670831410672759532e-01 8.975659169840946561e+03 2.255462353366355046e+02 4.669934628237989273e+03 5.648366685360616657e+01 1.631373416673020813e+02
1.297472201114586721e+00 6.573107036774299416e+00 1.415760828019116069e+00 2.736406831518860105e+00 5.979017267222324072e+00 1.366023647615853265e-01 4.504344362159833359e-01 4.533618941343279474e+00 1.240292683908108679e-01 3.192366282242641295e-01 4.667967140390733016e-01 1.433265262551430552e-01 6.618719032156782367e-01 2.415372966893679085e-01 1.864929969941053756e-01 1.688931772701590117e-01 4.903461221769444819e+03 1.199378823373386211e+02 9.419226133820226096e+03 5.422313417673717595e+01 1.634867332073822013e+02
2.298994616885520426e+00 4.531619868658845363e+00 2.330488169112377328e+00 2.523199370500833982e+00 5.133251077632816184e+00 1.169255364699465227e-01 2.770567793596766526e-01 3.634008108886511490e+00 1.100029558525453255e-01 2.870572926578247142e+00 1.274170312833938501e-01 1.324275871893728640e-01 4.568211636150077970e-01 9.407602325259339926e-01 1.900684133646206309e-01 1.140590738934463833e-01 7.356833756797178467e+03 1.891227687702907474e+02 8.329668317383995600e+03 9.757081143890408725e+01 5.140579450432132802e+01
1.172891077298525708e+00 6.471768744932816730e+00 2.809958192032744773e+00 5.094133886179713855e+00 4.964934582400734264e+00 1.436789347901758496e-01 5.591880294903873727e-01 5.844215844365668211e+00 1.920356392835601000e-01 1.166409473851403478e+00 3.898401724803265411e-01 1.228639970783959590e-01 3.129410885833364686e-01 8.423692452527956620e-01 2.917018308209476385e-01 1.811434054168681862e-01 4.393856085032886767e+03 3.074008694950377318e+01 1.661473746830173923e+03 1.517072884873920771e+02 1.541846478121032078e+02
1.163181298719106804e+00 3.953684959549229827e+00 2.359511592628425802e+00 2.982710316009401730e+00 5.278231445227017815e+00 1.843025158819421028e-01 9.126738424720179932e-01 1.144013403072106305e+00 1.818324466203918854e-01 2.387691736782397101e+00 4.834650550432452176e-01 1.230299114719904524e-01 9.675130760634413907e-01 7.333744562661987931e-01 1.141320606292303419e-01 1.289430455854768676e-01 9.309653601200796402e+03 2.780499094636811037e+02 7.164941714301673528e+03 1.167750546136114167e+02 1.200469460199556977e+02
2.845286550072502862e+00 3.105068794118189590e+00 2.674916030966786096e+00 3.628973737108149411e+00 3.393800983014315875e+00 1.595650523219233063e-01 4.372828559283736816e-01 5.041920558259888274e+00 1.210563286701666769e-01 2.768874702288094181e+00 4.740264553403660264e-01 1.077409496910718134e-01 9.343604155715057313e-01 6.829826455805071417e-01 3.389412898763954907e-01 1.850185424087474328e-01 1.225816583918336255e+04 1.492904086140570996e+02 7.198817751912581116e+03 3.801549141398982812e+01 1.365150072922013464e+02
1.087479573770772978e+00 4.504691033127340205e+00 2.749515925802681338e+00 2.376327114965608445e+00 4.863757656812882857e+00 1.913888292067142671e-01 1.633968862702622760e-01 8.236119189871043744e+00 1.829673513281751540e-01 2.229829887051554493e+00 2.316468678023917149e-01 1.401050511298894130e-01 9.237273359639032178e-01 6.360552202924698584e-01 3.792708147306104172e-01 1.880664013395124401e-01 6.573335922727080288e+03 1.139724501802074457e+02 1.171664403107630642e+04 7.188387573237292827e+01 1.151549882929889037e+02
1.121387529330884369e+00 5.721634391123354035e+00 2.549434912230430506e+00 2.474218175780955598e+00 3.860392778119813073e+00 1.733844119247437421e-01 3.372005688974097914e-01 3.863082565782274269e+00 1.827328664934193547e-01 2.990864273967494658e+00 4.203178207051555537e-01 1.480935467959862417e-01 8.083162549969030719e-01 3.435626961901999676e-01 3.042943005671193135e-01 1.732928339768469717e-01 4.592844265575446116e+03 1.187504897907359975e+02 9.575683365483637317e+03 1.981273027853166013e+02 1.955210740369070948e+02
1.307567215758822732e+00 2.812293950254781016e+00 2.744683407814492604e+00 3.154687583906160775e+00 3.343493114128080812e+00 1.150779374706587255e-01 4.174703237828285562e-01 1.774593931633798860e+00 1.875819511520855354e-01 2.352962303659033694e+00 1.854644775336955209e-01 1.354856139785304836e-01 1.252392902460539303e-01 9.227208028133984108e-01 3.017436348472694041e-01 1.877457155128162136e-01 5.859513451109054586e+03 2.577901885456672062e+02 9.927888679196761586e+03 1.457361883761054742e+02 1.281222116624799980e+02
2.255782593963015614e+00 1.995415018738663226e+00 1.105745582943849392e+00 2.828656168018468087e+00 3.114469194116271655e+00 1.674530807306318092e-01 8.459465009427675763e-01 5.389529315767941142e+00 1.132453583389533558e-01 2.778875910431436669e+00 2.329550037791006112e-01 1.285200149754663346e-01 2.647142090047909790e-01 5.893922399703097614e-01 1.215047253359578805e-01 1.115644611892787907e-01 1.189860783921983057e+04 2.498990748243228950e+02 1.218532051037982637e+04 8.720470018313970684e+01 8.976335532245421689e+01
2.525721374661009655e+00 5.956442339868344149e+00 2.938893017316317025e+00 4.207883117522496441e+00 4.083595051356146755e+00 1.648076089281193535e-01 5.258717950874688407e-01 8.676335346526512282e+00 1.710053675367703696e-01 1.141869734230176681e+00 4.044077383357447264e-01 1.056406089398498338e-01 7.216821113906675134e-01 3.719042455619041565e-01 3.890262051894706197e-01 1.882757131593663091e-01 5.929450374506963271e+03 2.227251096151790932e+02 8.971405473896244075e+03 7.254362610949905843e+01 1.778096784930783656e+02
1.853275534461946039e+00 7.560321087998943312e+00 2.503072860596381233e+00 4.974697422715088635e+00 4.236967906891420554e+00 1.535962827788871499e-01 6.046986430637103505e-01 4.302422159273389113e+00 1.561861259361162491e-01 1.726613015943629259e+00 1.576459752732487507e-01 1.158932167752837611e-01 2.243680463200946051e-01 6.096866890427850016e-01 3.638511178203683860e-01 1.970078230048861734e-01 1.645379650864032556e+03 2.179072918127760943e+02 2.320817139375400984e+03 1.866722974585148336e+02 9.779079440975635862e+01
2.119756999883740889e+00 6.670865574930001429e+00 1.834776071323220403e+00 2.859710595272228595e+00 5.868577348704983265e+00 1.089063980975011892e-01 9.904462767298949366e-01 5.024086393327683808e+00 1.723542615719701465e-01 4.446644058950829370e-01 2.567291629884466686e-01 1.049089724810922525e-01 5.868851579245147887e-01 4.483620833551682505e-01 1.672287438864634712e-01 1.308395946897930873e-01 1.165880004505235047e+04 1.911693013046458987e+02 1.850812481047275696e+03 1.987715989245470780e+02 1.349701802072416967e+02
1.313691591918456414e+00 2.170731532798583885e+00 1.946834771168451939e+00 3.794827306362900110e+00 5.458877255956529950e+00 1.771268625912958972e-01 1.688853555394970729e-01 9.455539692634978621e+00 1.907530430545658906e-01 2.997689277549261622e+00 1.871505885365355448e-01 1.209184625924933920e-01 2.337337956703380015e-01 4.638601350239150989e-01 2.174345249520598933e-01 1.790012689764269860e-01 1.244647729780546979e+04 1.158865375165132008e+02 1.026824952747051429e+04 1.061506825188849348e+02 1.692715544967956021e+02
2.608982648546725347e+00 4.072653298474669725e+00 2.252744742405816680e+00 4.069971513159684307e+00 4.173486195860284020e+00 1.977191646194585983e-01 2.581833803670955385e-01 1.297786018029833954e+00 1.139922431310761430e-01 2.363162800083695281e+00 1.704765229471725541e-01 1.246286007161030163e-01 5.980406439670545859e-01 9.400055908192330723e-01 2.489526151838162837e-01 1.521557733897674625e-01 9.731190678032060532e+03 1.568551638496128930e+02 3.196801903352552927e+03 1.399843921467312953e+02 1.290293709173829200e+02
1.650636284802251996e+00 4.672248776798049619e+00 2.574211087136350606e+00 4.894376328744032278e+00 4.036396758129519924e+00 1.847422175089528384e-01 8.381877364347808390e-01 1.345307888871204893e+00 1.803666142788483140e-01 6.565639942127161621e-01 1.676690629494750062e-01 1.290137073557886260e-01 3.538768525893173367e-01 9.882141690483209340e-01 3.343113424664281297e-01 1.058312347672290543e-01 5.546961899494416684e+03 1.591795640553527278e+02 5.828437289718966895e+03 1.161430336455345866e+02 1.064535821728629230e+02
1.109266428201430177e+00 2.706793159607184140e+00 1.059156644263595348e+00 4.017497085334708729e+00 3.144832142993610802e+00 1.746593712589497582e-01 1.429773995287681454e-01 2.515939338935747838e+00 1.573751492996825485e-01 2.764690416003853901e+00 3.874448724543630984e-01 1.330881360707590055e-01 5.464176909723111875e-01 5.690967535516425757e-01 2.848843071205215960e-01 1.792387051958263533e-01 3.954953116701636645e+03 2.458741893060228847e+02 1.056774208416996771e+04 1.767939158094742993e+02 9.942736165414811467e+01
1.910748873667006409e+00 5.202990261997813448e+00 1.682545066525509281e+00 5.585511754979504140e+00 3.218067158591661592e+00 1.656992964184426376e-01 8.732307160715916394e-01 5.745626549232390801e+00 1.460096393881419319e-01 2.254568478777696949e+00 4.437094773611192089e-01 1.169750537534645640e-01 6.763308040167296253e-01 9.466201169119899950e-01 3.259751267089344706e-01 1.831211260415969433e-01 7.771579611959804424e+03 3.036782714870481570e+01 4.352659606132950103e+03 4.868216057369611605e+01 1.069288703088617041e+02
3.167535384348324712e+00 1.536826633220309768e+00 1.778311846501540394e+00 4.656717582683585377e+00 3.524667975001141595e+00 1.639918119684858344e-01 5.908580014928952462e-01 3.522890867548962301e+00 1.758624832902619395e-01 2.313448923342220187e+00 2.714425261085781083e-01 1.382311271062609259e-01 5.026517209500988015e-01 9.519370020228508089e-01 3.929638101675927420e-01 1.253088460255579739e-01 2.445521422474481369e+03 1.527045687110638106e+01 9.208667130243418796e+03 1.205307401608217219e+02 1.694048601539214758e+02
8.519760311657673668e-01 7.295732137829102015e+00 2.640460881345564559e+00 4.483402648040103244e+00 3.758703930945845872e+00 1.382451952898529068e-01 7.240690540235693584e-01 9.284708286521349052e+00 1.246892518702313740e-01 1.683465559365470599e+00 2.909423585634557385e-01 1.447737480710549751e-01 5.658728809066106979e-01 6.495620803064435789e-01 2.200789944874919357e-01 1.878225528881717898e-01 4.614054184583661481e+03 2.740336439716921859e+02 1.293142035280914570e+04 1.484850344056502252e+02 1.353270299438014206e+02
2.089965030860398087e+00 6.524296210433352172e+00 1.655401372523809034e+00 3.319862151860323074e+00 4.362683823661875238e+00 1.936411400982313569e-01 9.409690446842063904e-01 7.878925256970416235e+00 1.926752693325595733e-01 2.272947161339466948e+00 4.870933059920550257e-01 1.317056614751382360e-01 9.574598220827487127e-01 9.784142364819691240e-01 3.439335246160885040e-01 1.885245086685542470e-01 6.781393192559336057e+03 5.309034921860111211e+01 4.292020659015044657e+03 1.009396263873310602e+02 1.808016543394553537e+02
1.424553689172675552e+00 1.884079944177000643e+00 1.353587106044450428e+00 4.633132423212273920e+00 5.243517073422979458e+00 1.426180134925613685e-01 3.957341980450972407e-01 6.633867604519720018e+00 1.558554677335868555e-01 2.414006180935154511e+00 4.937386537796218944e-01 1.051972645860360378e-01 6.354641671227140298e-01 6.179910469576070930e-01 3.728106895110203656e-01 1.464855469355109130e-01 6.433039335792547718e+03 1.461703522348194042e+02 1.092095042825089331e+04 1.607068110679860808e+02 7.287607886664601153e+01
8.967290506606663270e-01 3.513405584873039000e+00 1.236986819541510130e+00 5.302552209779859638e+00 5.765720116456877875e+00 1.748361791013978150e-01 2.375926533687627296e-01 3.621735804230702627e+00 1.070489983161050096e-01 1.498350377354195295e+00 1.404330143601059677e-01 1.379401345676402046e-01 9.167738375031749820e-01 2.072864820638889438e-01 1.364459177126473022e-01 1.275719114442225299e-01 1.470389200084197546e+04 9.803625606005292070e+01 1.174854451283488561e+04 3.975929113223824629e+01 1.985282673946677221e+02
1.351456855441430793e+00 4.650986719258773050e+00 1.955598075691987958e+00 4.602060697662578193e+00 4.284648728629456116e+00 1.629087062035811384e-01 1.128232820818411974e-01 1.704427843456885583e+00 1.409110986261018772e-01 2.248104591638684813e+00 1.334166343098739660e-01 1.116662291246783845e-01 6.729652531550212036e-01 6.621421642407362418e-01 1.945673702028245522e-01 1.361456046854610524e-01 6.304036161283494039e+03 1.321231899587249075e+02 9.855981656067047879e+03 6.029519140391784049e+01 1.609970875039006160e+02
1.464921507620763119e+00 2.027609621705214415e+00 1.958351626276381152e+00 2.801478352283283790e+00 4.622988810486850397e+00 1.832316085871617539e-01 5.098493520294391512e-01 3.406545868216193984e+00 1.567059745325586062e-01 2.514649304659200002e+00 2.002627443127137641e-01 1.174093093911532798e-01 3.712514127028158084e-01 9.928603326538191221e-01 3.445673576139558492e-01 1.673093377222016342e-01 9.625495792055791753e+03 2.149680630587921826e+02 3.714978435749479104e+03 1.391412170670005821e+02 1.530270865815830916e+02
1.726749077909321084e+00 3.042696690453334796e+00 1.148938881719660854e+00 5.624236113533378045e+00 3.059532359762464626e+00 1.784428602269979847e-01 4.025928298735592659e-01 2.033831917987975135e+00 1.192384400532288113e-01 2.698177499422757197e+00 3.079914249785554725e-01 1.018933886192637250e-01 1.145659246556051114e-01 1.099941076849556276e-01 1.147681174388051339e-01 1.834551090176144705e-01 1.210918774180472974e+04 1.963778532984824494e+02 4.132224495571448642e+03 1.209151073577463507e+02 1.843971898985982989e+02
9.083629413234448613e-01 4.325630033963847154e+00 2.384117891302469872e+00 4.951049050746246571e+00 4.547841415936132670e+00 1.141648422043772954e-01 5.712534330850318476e-01 6.916077162502864972e+00 1.511379903334598707e-01 1.546830443286280055e+00 4.276915758966162162e-01 1.387365190881761357e-01 4.218217193775529728e-01 5.549228968002101192e-01 1.126141085592946289e-01 1.866682364984014741e-01 1.086839173720943472e+04 2.380399810695131464e+02 3.450772407706900594e+03 1.515586201620730549e+02 8.177556532228808805e+01
2.666097123543127445e+00 2.688845169411778535e+00 1.005555755511008176e+00 4.665769499955456645e+00 5.903670979498899740e+00 1.624380631447733536e-01 8.955496443418833330e-01 3.340342623459739091e+00 1.915102401215827699e-01 2.665914430731906037e+00 4.983005913346122417e-01 1.342880083578258665e-01 6.203231505776524157e-01 5.080273922117360952e-01 3.605921412455810326e-01 1.425418859609079991e-01 9.951222782226930576e+03 5.738127673283528907e+01 9.189126249296841706e+03 8.227456791855837537e+01 1.467321473877172480e+02
2.691977210394426834e+00 3.904270120369127905e+00 1.764979416101545517e+00 2.500837769595666060e+00 3.723519582475740552e+00 1.590006088985368160e-01 6.787815569203001775e-01 6.891036970870733747e+00 1.164687176772379873e-01 9.934790175437218096e-01 1.809803952164740770e-01 1.451782590802080108e-01 5.254914876085928777e-01 3.310784186991753142e-01 3.969538221878057271e-01 1.555683269150963388e-01 6.962224013989266496e+03 3.496603534473887009e+01 4.583171946976657637e+03 1.002129001026519717e+02 7.368635389477344688e+01
1.470698857216909072e+00 1.760006494928723519e+00 2.004139768469552774e+00 5.808430459694973180e+00 4.166019792816412881e+00 1.229340076318312380e-01 7.300020736885205475e-01 3.554060463070568332e+00 1.261374101699139494e-01 1.465108783035526496e+00 1.535364394942944355e-01 1.467595875499750346e-01 1.888575965257696665e-01 8.814760514938554392e-01 2.138331279208726121e-01 1.373058436736498966e-01 9.593012260019759196e+03 1.262454207496501226e+02 7.888623672654351139e+03 5.257534587958645034e+01 6.631560522925016699e+01
2.623876467233682064e+00 1.978953430911253530e+00 1.714067012448125205e+00 5.635071915103694984e+00 4.127182777157099913e+00 1.530029110269159331e-01 1.877204039141276426e-01 2.024333951492852002e+00 1.377183413720207972e-01 2.379855881987719801e+00 4.522949820263072462e-01 1.362426791139081661e-01 4.662855343867200464e-01 4.910616127212972248e-01 1.567074722160717304e-01 1.699041950199918216e-01 9.347214783338307825e+03 1.613911277176044621e+02 7.516185496162862364e+03 1.464908200729967120e+02 1.406925404364041015e+02
3.099200971927928983e+00 3.157961364100318136e+00 1.221678708900860499e+00 2.132360980858866828e+00 4.919927312174953826e+00 1.467515955084088275e-01 9.928939462436163765e-01 1.438750201603189449e+00 1.311972915359790326e-01 1.805543461970543939e+00 1.015714609915739502e-01 1.409620496343587659e-01 6.226814052022142665e-01 4.345110144552495335e-01 3.255957014892023049e-01 1.895849151097315499e-01 1.410524851943915792e+03 7.130791454674491092e+01 1.544241126493835282e+03 1.385295306041435310e+02 6.548243325512098068e+01
2.061435637385499842e+00 1.509668741452655283e+00 2.915561359689980758e+00 4.727664022895605278e+00 3.001908505662828741e+00 1.962918202614500895e-01 9.854569698670213596e-01 6.816128803898565458e+00 1.287846218774654772e-01 1.570041146564663981e+00 3.371493616129345172e-01 1.311024124589518502e-01 9.592503059605852478e-01 7.974468119234600083e-01 3.182002898956681758e-01 1.819198500299502030e-01 7.561788830049769786e+03 5.216769839596884140e+01 1.176995329056571245e+04 1.643985905825957730e+02 1.566697641040644271e+02
2.897151708888653587e+00 2.726368595947559648e+00 1.259781308220185858e+00 2.449392848242862186e+00 3.845898855989273724e+00 1.396675463301733922e-01 6.017623953088946376e-01 6.365365738584602084e+00 1.488292704575265579e-01 1.226401852146000504e+00 4.415332388348661707e-01 1.261324045043698827e-01 7.510939302855439426e-01 3.101054767610368357e-01 1.941900383960328824e-01 1.009163701536437974e-01 5.708054427508242043e+03 5.975778013428494972e+01 3.816008447635068023e+03 1.829278612431385511e+02 1.209202733446523155e+02
1.287851728844736643e+00 6.764524658431255943e+00 2.725844884910386234e+00 3.184704709322238703e+00 5.642396584413464922e+00 1.069742886044785235e-01 7.298076567134104131e-01 2.820319867644293765e+00 1.524722891672614655e-01 2.174912885842459342e+00 4.017616155553521695e-01 1.413134796681467520e-01 2.700142779747447541e-01 4.959979524564926967e-01 3.280421357064254861e-01 1.087028140448782071e-01 9.596124077054471854e+03 2.970846340281303810e+02 4.574366777206504594e+03 1.510903257858091990e+02 1.723001585364406196e+02
2.343140936276270736e+00 7.189657793128276353e+00 1.274997291409254441e+00 4.863372105884664620e+00 4.931231243339544434e+00 1.946629860412550928e-01 2.994695462119298934e-01 3.731273562647651421e+00 1.402095379017140875e-01 2.604360984136198542e+00 2.079118413225131967e-01 1.483800456436012438e-01 2.017915771164805194e-01 4.565090538210269111e-01 2.382163316500026662e-01 1.208354867061693233e-01 9.551730970541135321e+03 2.321646766790661616e+02 7.799420749623987831e+03 9.063429838722969123e+01 1.096259149420461938e+02
2.713721938667007727e+00 2.746986836921834652e+00 2.428055490726393373e+00 2.701247378585609926e+00 4.007251245209810797e+00 1.688646715475667359e-01 7.434725403571034175e-01 2.992055573157360371e+00 1.866732297748800729e-01 8.814280377913217279e-01 3.978374115132919941e-01 1.393653069467410133e-01 3.774119194235868724e-01 7.961275223025415793e-01 3.514733675535344215e-01 1.934032447367150798e-01 8.195443793437660133e+03 2.770826742192615484e+02 6.284193198446811039e+03 1.612573661638080580e+02 1.501046993776787701e+02
2.450754875298915891e+00 5.554773519171869012e+00 2.432809432574866371e+00 3.826712539451238904e+00 3.787828291762260768e+00 1.701996467024431414e-01 1.007872087798436789e-01 2.213368208245070079e+00 1.328276866452848815e-01 2.454930865729819001e+00 4.452323904367575524e-01 1.296434373696137288e-01 7.367669157958894877e-01 6.021995339223651378e-01 3.142554510774148158e-01 1.494614425135915303e-01 1.272859945895665442e+04 9.572431538618731395e+01 6.916893142991480090e+03 1.932737940917669164e+02 1.661123457276781892e+02
2.869104370943046156e+00 5.023115722696307017e+00 1.001652243082156613e+00 4.455983297310528002e+00 3.776692007657930894e+00 1.209242011233507691e-01 8.164491738152800382e-01 8.624181437279592188e+00 1.469393955808479257e-01 6.337218810528755242e-01 3.894322995346175542e-01 1.366137654084335629e-01 4.237819286688125908e-01 6.936979891001874288e-01 3.002267936701402684e-01 1.547791493624098569e-01 8.462137498511739977e+03 2.235063111081906868e+02 1.112154667643771973e+04 1.696338777599978584e+02 5.319965298254084729e+01
1.668894786582657996e+00 2.710413539068808220e+00 2.644280291154727180e+00 5.368928231803362650e+00 5.922629567987980792e+00 1.124493026765699399e-01 4.129251677796936804e-01 7.075559106804772291e+00 1.891843771603742008e-01 2.220101814530500040e+00 3.085780834311414034e-01 1.436162555845197641e-01 6.469766681638169370e-01 2.899727704910277648e-01 1.273314321198927845e-01 1.023559324478971883e-01 5.176804469037508170e+03 2.886432050019985951e+01 6.392104783043599127e+03 6.192775673223228239e+01 1.246659759102024907e+02
2.078624131662427654e+00 2.633553927801346450e+00 1.321749202519115318e+00 5.122700208329561633e+00 3.435403335770040645e+00 1.560577461675977384e-01 5.079809408617168565e-01 7.008041719703410166e+00 1.648414550596862260e-01 2.045987493283019543e+00 1.092414931671049638e-01 1.007549889397470061e-01 1.112619042505694766e-01 4.270928378814599080e-01 1.635467462549390349e-01 1.376848569770484088e-01 4.976371596476055856e+03 1.020258958964184188e+02 8.870621934806456920e+03 3.073072539323616326e+01 1.124965796215616649e+02
1.593025161827395841e+00 7.981717023228709351e+00 1.166459358964031079e+00 5.366816215846687221e+00 5.291885423438407621e+00 1.520410192093832324e-01 3.852283494965373922e-01 4.922359041327228013e+00 1.901703868167984313e-01 6.467311000483335626e-01 1.780516459083408554e-01 1.103981347760803755e-01 1.406227917402876892e-01 2.432913998371662723e-01 2.072544754490183161e-01 1.062399702404428908e-01 2.879182149562230734e+03 2.439397976172344897e+02 4.267969682804457079e+03 1.094699929052818135e+02 9.230777620867871747e+01
1.825838175137431296e+00 3.153542186382749968e+00 1.536921998047561022e+00 2.748135971366471253e+00 3.445444616999883358e+00 1.465844897417987180e-01 1.237839259992602609e-01 2.120628470461664250e+00 1.090200057434735081e-01 9.154119511036700185e-01 2.402323986933220801e-01 1.125789596875522436e-01 1.602929271031645064e-01 1.445896154731371730e-01 2.958997663361642716e-01 1.153088099231877328e-01 8.990065352005503883e+03 2.583979692012092642e+02 8.126021073288144180e+03 1.572417459794945955e+02 7.900159549881129806e+01
3.026486302085844571e+00 7.356469745130324256e+00 2.156872608308601613e+00 3.954734581462815868e+00 4.896067246408819074e+00 1.654199537161669675e-01 7.395256934158846995e-01 7.827211314765652794e+00 1.636560130074051211e-01 1.280063824439639175e+00 4.037396156796186908e-01 1.287413845035779714e-01 1.559031988018240167e-01 5.326979099342070700e-01 2.545234401417784120e-01 1.160492938261872414e-01 1.834015469338592311e+03 2.516123584187102438e+02 5.471517221978829184e+03 8.545215841390515266e+01 9.635347954949187965e+01
3.088644104647310762e+00 7.651916687412926521e+00 1.409397385891597132e+00 3.897953073448095829e+00 4.355429703504736239e+00 1.799465913256497740e-01 5.555646807702532275e-01 9.691043781418642311e+00 1.773543131767313930e-01 1.690880083753002694e+00 1.480854572752873244e-01 1.189568581426223431e-01 1.947277583421577196e-01 4.964838726456085594e-01 1.369051991176628014e-01 1.337943296301228879e-01 5.699663564218637475e+03 1.143843196855445967e+02 1.101429450462687055e+04 7.434850256400892476e+01 1.705204965821266683e+02
2.385802062168049797e+00 6.195013354290448859e+00 1.633915384638793711e+00 4.024735185541097771e+00 5.850751529514678140e+00 1.934570378829483794e-01 3.339517686670687713e-01 1.390675855922502535e+00 1.576608335242440928e-01 1.841431400383094719e+00 1.296500692480330452e-01 1.339399990441093313e-01 1.417811981732877147e-01 2.466956882941935547e-01 1.256648689108046946e-01 1.815950876876767650e-01 1.456779806295996968e+04 1.841959841408609577e+02 7.299107235587245668e+03 9.662361282047982058e+01 1.028457325356209395e+02
2.226735648680914892e+00 3.940383280125490995e+00 2.785856966903798693e+00 3.040453445410403965e+00 5.911900260838203636e+00 1.230577015475388669e-01 3.626485467811775276e-01 9.002806619356324092e+00 1.467407667213609657e-01 1.260171729898683202e+00 2.894076274302933571e-01 1.152880719020122069e-01 3.927076870279236909e-01 3.552312496733328606e-01 1.390781752600278309e-01 1.531276055887608178e-01 1.075965630809675531e+04 2.805427676363535738e+02 1.282247549612029161e+03 9.348479367975235732e+01 1.242468259122778704e+02
3.196187446312946712e+00 3.011670146693190553e+00 1.344747107445628309e+00 2.183437547538974677e+00 5.844729642418151627e+00 1.393625632883843946e-01 2.293225488909824972e-01 1.457220177067290345e+00 1.148262770066983685e-01 5.375212826801483157e-01 3.745006400757141529e-01 1.383500757061287834e-01 5.956644355221228926e-01 2.924015015675973661e-01 2.335196982763836915e-01 1.044710537490241425e-01 1.193076579496759587e+04 4.194954172657984515e+01 5.095747734598890020e+03 9.122774161556137074e+01 1.479763368750756172e+02
2.128520968757684706e+00 7.993305914939066170e+00 2.496056871510628383e+00 3.376370705978078313e+00 3.384220447748935712e+00 1.875816568067588674e-01 2.483121329678523725e-01 2.191972245672412889e+00 1.441534212933847370e-01 2.848940305134981976e+00 4.813283284212281909e-01 1.035819212213178048e-01 8.624596110537094962e-01 7.086736290479597189e-01 3.480716564635948918e-01 1.471200216352328283e-01 1.020521705303978342e+04 9.296777080046680908e+01 1.268872388762726405e+04 5.689435473586642900e+01 1.803379858279340908e+02
1.430685229638654743e+00 4.006659629854327775e+00 1.808427304473917197e+00 2.724173800258764100e+00 5.503947505010099661e+00 1.873700501643710548e-01 8.213747235607170571e-01 4.361095009109997811e+00 1.111936464650719325e-01 1.342732519792315893e+00 3.883921482241139422e-01 1.384147398738029278e-01 6.266155429580132497e-01 2.515038769582063072e-01 1.049457248406912291e-01 1.845701920538733443e-01 1.419580607644674819e+04 1.676681598485142217e+02 5.131902296602235765e+03 7.347188049233461982e+01 1.370758754600530267e+02
2.039959732301065642e+00 5.891570741721931626e+00 1.605269856221006375e+00 5.045305919475401524e+00 3.653443795859491416e+00 1.269038676035799118e-01 1.125835739506709093e-01 1.138457348424249505e+00 1.357971425279479727e-01 2.555619290071533989e+00 1.884842741853879622e-01 1.130587936722694115e-01 2.107117374297324264e-01 1.703167361480433240e-01 2.451209309120705726e-01 1.048231577382951057e-01 1.442005268799440819e+04 2.796203045287845157e+01 4.051632324177286591e+03 1.692773382647328901e+02 1.681449109238322990e+02
9.222751398598665329e-01 6.326457686844285888e+00 2.235677475868571129e+00 2.166394689999096901e+00 4.398033058808235474e+00 1.877427473465753116e-01 7.618978305521072469e-01 1.941165714889270699e+00 1.858291504205069611e-01 5.785986258720290376e-01 2.280448427548085188e-01 1.038165552431727645e-01 5.434996271605966323e-01 3.638219908054495244e-01 3.191973422005505157e-01 1.447326563935083521e-01 1.276041488605016275e+04 1.789578016261000215e+01 6.793942263691181324e+03 9.319067536696199738e+01 1.746060894599386302e+02
1.014329881322941329e+00 6.424323036185514368e+00 2.199052590935557827e+00 2.061293984709279048e+00 5.014087516642836917e+00 1.406640326696575738e-01 2.664604956625597487e-01 9.617611272833038072e+00 1.087994306854869614e-01 1.020958953138638270e+00 1.337713889213006102e-01 1.202827236185021187e-01 3.501114048137289325e-01 6.524403721450299232e-01 1.186007372327464449e-01 1.923329029873453444e-01 5.252533937759609216e+03 1.584905770977344730e+02 7.403395864230048574e+03 1.559969017014703070e+02 1.346644367993335152e+02
2.098896672548591802e+00 6.385628905371678599e+00 2.439765397142166670e+00 3.964944333682025146e+00 5.681735399533131670e+00 1.995342630754444457e-01 6.747021448964590773e-01 7.478973124642401160e+00 1.594720310314609868e-01 2.325976131358718835e+00 4.642279255102583768e-01 1.419821159596970084e-01 1.686506576438518423e-01 2.288139853259892886e-01 1.001979937914801028e-01 1.313583632533430745e-01 1.554216680417301632e+03 8.005603420794905389e+01 4.707841286408338419e+03 9.905394139142070742e+01 1.450639379729246912e+02
1.079077638300906639e+00 3.589669641960303803e+00 2.845360064296567515e+00 2.608016202644178883e+00 3.895708549508086094e+00 1.187486822012422810e-01 1.444113843446967471e-01 8.205714732390751109e+00 1.719027424285892169e-01 2.958936249832922361e+00 4.196748609767074756e-01 1.032655648176135504e-01 2.941647567561372911e-01 8.578895055595587849e-01 2.535976503477240795e-01 1.499884573154391942e-01 9.693384140488333287e+03 9.384530707693760121e+01 4.230179376935077016e+03 1.231229440054625996e+02 1.899773517573079289e+02
1.480593446901306454e+00 1.807883817718717534e+00 2.615966362347789342e+00 3.238609443961307566e+00 4.530357054103247627e+00 1.907708469219029368e-01 4.645887395355837723e-01 2.892151257295256794e+00 1.684027627869932597e-01 1.992897878603829387e+00 4.484492528329310224e-01 1.407454079233699806e-01 8.967722494052526860e-01 2.629903167133690878e-01 3.025748915851151910e-01 1.325194938858374194e-01 7.992663857949888552e+03 1.340091514371271160e+02 7.927280488378937662e+03 1.992560582854090683e+02 1.520108353267277153e+02
2.516907385076796899e+00 3.840319836733714798e+00 2.667314569628270959e+00 3.697678291927433136e+00 4.990325993813549132e+00 1.987648986893494896e-01 8.533487041838286880e-01 6.223088178700514561e+00 1.556092186679643441e-01 2.406802722443063480e+00 1.461764837096906633e-01 1.389567778727969494e-01 3.526500778714971585e-01 3.503963012668512844e-01 1.763129646575315734e-01 1.081946108575698312e-01 5.459013243570889244e+03 1.959324682161807232e+02 5.261836756938659164e+03 1.155487730544765412e+02 1.179661320374913913e+02
3.117203659171918773e+00 4.578196424640252893e+00 2.637902986215156176e+00 4.960550728936215847e+00 3.048745984686480170e+00 1.289068956912982900e-01 9.672233373761852659e-01 2.152693374146187111e+00 1.106763749762296467e-01 2.013252230140381016e+00 4.630308299193135468e-01 1.438141304693747735e-01 6.345322479973142249e-01 4.591316714550504052e-01 3.692950283745518592e-01 1.159168576584291566e-01 1.514247826245227316e+03 8.225182038963939135e+01 1.694436823944455909e+03 1.015068219678818764e+02 1.973245925046823857e+02
1.805734783223536200e+00 1.447893543369033864e+00 2.120647407036569732e+00 5.977091144110807441e+00 3.204924963304804919e+00 1.079362107651860303e-01 1.470373836604166873e-01 1.723108761384895438e+00 1.201448610624553659e-01 1.624537643674897058e+00 1.153550047179768417e-01 1.006580992697748977e-01 3.792913237371638990e-01 4.693245494828283126e-01 3.218565122873063844e-01 1.117729282171164573e-01 1.494575706951163920e+04 9.968258624054190875e+01 7.976014980386963543e+03 1.472855536577515068e+02 1.995911708635645141e+02
2.922004364025087675e+00 3.672958053679984847e+00 2.618930432682668119e+00 5.205176847897924119e+00 4.571571356018334420e+00 1.509644838385343912e-01 8.287096053804883233e-01 9.809570237523278280e+00 1.756161860055741042e-01 7.018308339066985369e-01 3.476257948650076646e-01 1.179725119820326934e-01 1.092780578236632605e-01 9.612276377041228947e-01 2.712279515309837796e-01 1.191032975773730490e-01 1.481083622454463148e+04 1.986800001482837956e+02 4.875012596706105796e+03 3.765601256411909503e+01 8.878590965460384155e+01
2.829784803945233129e+00 5.536183211146246563e+00 1.772958056187118991e+00 3.739061251893510907e+00 3.485877892788644239e+00 1.607398949642543373e-01 6.934159317590622429e-01 6.252148356616389790e+00 1.449870999040885344e-01 2.709794216518895738e+00 2.920095693980954143e-01 1.211066383901545918e-01 3.078401970679266464e-01 4.225899196123912294e-01 1.796638042907963695e-01 1.674729163965852363e-01 1.249336026144002426e+04 2.991407936897777518e+02 2.046068447482330612e+03 8.926962908388148321e+01 8.658195608800954801e+01
1.625230020663890329e+00 5.320552049176900944e+00 2.102236573265134023e+00 3.296949154830137285e+00 3.829362052207035738e+00 1.578700111337851264e-01 2.228817340129906066e-01 7.769417558570449245e+00 1.793615903646545717e-01 4.222786054535009881e-01 1.057420722224154119e-01 1.410908475239822102e-01 8.484700909150225678e-01 8.940241287376847756e-01 2.756250447207410637e-01 1.587995040749074493e-01 1.990423213532498949e+03 6.835967102839234144e+01 1.222120153079196371e+03 6.543156744600671004e+01 7.268852113958995176e+01
1.881733924951840997e+00 5.749253689964263003e+00 2.221317664599187225e+00 3.348092970037942706e+00 4.560391500855910607e+00 1.928219390762666574e-01 3.473788929272307313e-01 5.593848262678421612e+00 1.673373781714478925e-01 9.982359604573778356e-01 4.496471700998520005e-01 1.422560656872512985e-01 9.546956780111991447e-01 7.680831045115656952e-01 2.233513197647439275e-01 1.595535754678016060e-01 9.969989849608406075e+03 1.520369911282320743e+02 6.610967501148838892e+03 6.369879278195084282e+01 8.673713067624998985e+01
1.999755169283710110e+00 7.629674036519311642e+00 1.136883479738197700e+00 4.537499432238818464e+00 5.821503732181533053e+00 1.025236102225322715e-01 1.321104204945562077e-01 7.058706197539196481e+00 1.232149057904897704e-01 8.509781616751102007e-01 3.651282786000777936e-01 1.356068260464953490e-01 4.536444657385335644e-01 3.357653507913605506e-01 1.951248905887477680e-01 1.181204736541022343e-01 1.377717564987378319e+04 1.235039245955586864e+02 3.646965599974099860e+03 1.730769248539826322e+02 1.854739704615239475e+02
9.295090776690181356e-01 7.711511967214120133e+00 1.065937959233439258e+00 3.390605169904116867e+00 5.633990547311770847e+00 1.236591818288354655e-01 4.162394417203260089e-01 1.576649552411049093e+00 1.474174314457336599e-01 1.577545352252681887e+00 3.778858042547019735e-01 1.378757659298248117e-01 8.347761635144064218e-01 7.445067974106537312e-01 2.122949422639952011e-01 1.484345424010859171e-01 4.233532085976711642e+03 2.207154089564485560e+02 3.416091917930839372e+03 3.632019275884644571e+01 1.727380166532103658e+02
2.906264502504460445e+00 5.506494222223665247e+00 1.567866644442862611e+00 2.799652027461340786e+00 4.318749119795543656e+00 1.325702782980368033e-01 9.142679936540877295e-01 5.404829151295056811e+00 1.136409009688728045e-01 1.428220144696281224e+00 2.323758391452901140e-01 1.250847344592255772e-01 8.921615286083932617e-01 9.430651847653599429e-01 2.112004765717829247e-01 1.012610812222076856e-01 4.857681816924400664e+03 2.182353993900317448e+02 6.817039067549515039e+02 1.275573730025143675e+02 6.847627177667030196e+01
2.504736358136101515e+00 3.000161865041527598e+00 2.460222811656266106e+00 4.551901408728967979e+00 5.756365506390250353e+00 1.223002662272632407e-01 9.166487706173841454e-01 2.614830155785128341e+00 1.385804245523778178e-01 2.488240939183595124e+00 2.793856993170671377e-01 1.238047494134925514e-01 5.131801814927132721e-01 8.770872031643445199e-01 2.809305034244706234e-01 1.954517447438370858e-01 7.162226734142996975e+03 2.374767271051442563e+01 8.222667855143099587e+03 1.114816608012877452e+02 1.460576738042842919e+02
9.617117391999862042e-01 1.418051293913923150e+00 2.927542185502457261e+00 4.221981179532182438e+00 3.665350546631489514e+00 1.080647289751191092e-01 6.862882020475632450e-01 4.680031554534136440e+00 1.135809651021171679e-01 1.290816690393074229e+00 2.192033796604879736e-01 1.370675835415606225e-01 1.237343023282361093e-01 2.134265991770496473e-01 1.266147782202130812e-01 1.133383808281704097e-01 1.304409303214705324e+04 7.879072513080436124e+01 6.085797400642371031e+03 7.947176727089137671e+01 7.463356505762722293e+01
1.105369512646759311e+00 2.186618701209640303e+00 2.608706132558375135e+00 3.538028547618928155e+00 3.535586712706697110e+00 1.895519364498013670e-01 9.006409452819474915e-01 8.637008277269856649e+00 1.804886600132450947e-01 1.421494198249241059e+00 1.754504636074581125e-01 1.224745905019960918e-01 2.480978365866404745e-01 1.001070603334675707e-01 2.284868824358690931e-01 1.703340252318089609e-01 2.535522090616203513e+03 2.290058520776151596e+01 9.668390496732874453e+03 1.378021041964669280e+02 6.460323206250930639e+01
1.860368838892844545e+00 2.449758244221932113e+00 2.753057975327463769e+00 2.126674366110442804e+00 3.153358814128057741e+00 1.686588186687413282e-01 1.104072128841493139e-01 9.949747571090840736e+00 1.023683988352690893e-01 1.974887066518130174e+00 3.242302512355538235e-01 1.062843564354322839e-01 9.954394451756983786e-01 3.838017818646234369e-01 1.584555431700115924e-01 1.637960908638443069e-01 3.074631388497154603e+03 2.186603709379205895e+02 1.123486193275334244e+03 7.905572817312469169e+01 5.593756061021993986e+01
1.372474100336210423e+00 7.441842618132479714e+00 1.233015126605973677e+00 3.571197720530416397e+00 3.228116441733748676e+00 1.174920665666091268e-01 5.726775701281482389e-01 4.626702992279536630e+00 1.988250607463032393e-01 2.170429884242264240e+00 1.312761245379121811e-01 1.306103035398237244e-01 3.897939257517217815e-01 9.309573810120712611e-01 2.144266721059491232e-01 1.684207856034627415e-01 1.330027567752257346e+04 1.819486996099642511e+02 6.813634559980582708e+03 1.706050043195240278e+02 1.514949475375607335e+02
2.736246956247216922e+00 5.930848270575998171e+00 2.743527437574559968e+00 5.949283477109839957e+00 4.343885251455189334e+00 1.503725532180524294e-01 2.151566735311988277e-01 7.740785640348757823e+00 1.940783228388917592e-01 3.023728662288470148e-01 2.307281052429754065e-01 1.106709009787117531e-01 3.873182472599129289e-01 9.498344548377060104e-01 1.509342203284048944e-01 1.687591870007353612e-01 8.885797871387188934e+03 1.855551474555612401e+02 5.556078251178302708e+03 1.760443864552644868e+02 1.648864983479763850e+02
2.939708851559053038e+00 1.529936020615178194e+00 1.802877953244402587e+00 2.423039022381306751e+00 3.376571551350109335e+00 1.441035383707827133e-01 9.609287844517310218e-01 8.451572234069598011e+00 1.446224283054666215e-01 1.325506141238770974e+00 3.809484337450323999e-01 1.434686224637399532e-01 4.743819112720429887e-01 6.048146576425315057e-01 3.925549379403687755e-01 1.872641337037626585e-01 1.026030496713415596e+04 1.953536608390562606e+02 5.014303794624825059e+03 1.147498218360855446e+02 1.776418312836941595e+02
2.001513171647629541e+00 5.831671572375523027e+00 1.045125840560809927e+00 3.008635557029901708e+00 3.672094151144826846e+00 1.146947439529718837e-01 2.521418725401409766e-01 7.234932095878749081e+00 1.679689263222688966e-01 2.349302000873918939e+00 3.431834699746005857e-01 1.136062372049542052e-01 7.737303577629845996e-01 1.918954490776105248e-01 2.902035963986434042e-01 1.030403244974283095e-01 1.201533123577837068e+04 6.032038625182487834e+01 4.168698384799827181e+03 1.049449880327814526e+02 1.234491207500290244e+02
2.995763691685805696e+00 4.142569105898637360e+00 1.915831708566246405e+00 2.305985496147723079e+00 4.157034811817719167e+00 1.403557107122709036e-01 4.830954448186259853e-01 3.036635027519204666e+00 1.748604875668429148e-01 1.326423156570377460e+00 2.362994566259002949e-01 1.001581167235545550e-01 4.884557838953234032e-01 9.290981178814635699e-01 3.643814479969218478e-01 1.513512176475924342e-01 7.629508619746016848e+03 2.495006576404987584e+02 2.380152861740591561e+03 1.656790138927995315e+02 6.814547194399261798e+01
1.544232889016559529e+00 4.146513205329233287e+00 2.032589343124451720e+00 5.113354671898239445e+00 5.328820154004047183e+00 1.793361547597402961e-01 1.845913776520487493e-01 2.674088665699343892e+00 1.425177256605947018e-01 2.003688637939383899e+00 4.655492279372441811e-01 1.402873908513636025e-01 5.148259396077118355e-01 5.759865525226003369e-01 2.865846379374278330e-01 1.478512607919589827e-01 6.498874212462039395e+03 2.464586112973531726e+02 3.899190648204425543e+03 1.626434434187627858e+02 1.464482074750479796e+02
1.451731738659903570e+00 6.630202421679369351e+00 1.193992218782097714e+00 3.094075335117538295e+00 3.286117883739708923e+00 1.702106527762476396e-01 6.093134877324151155e-01 8.860156045084078613e+00 1.812731776251551019e-01 2.425092722907124188e+00 3.619230780615081411e-01 1.076106485771731458e-01 4.843106790328399747e-01 8.035997985810694466e-01 2.955380917674109154e-01 1.066240744052835698e-01 1.183324476445916662e+04 9.735628867585785429e+01 4.123892972499597818e+03 6.622610186432675050e+01 1.363999255957655805e+02
1.971973239334393613e+00 7.861180571554541530e+00 2.586483902405873003e+00 2.970516932634139629e+00 5.207310370919659093e+00 1.118112549174291870e-01 2.420457001674737874e-01 3.176144258499541628e+00 1.903320224981204789e-01 2.718043704719372844e+00 4.601121766417932690e-01 1.163023257259412357e-01 9.966684950586442993e-01 4.130815476159293009e-01 1.890499369004957075e-01 1.383542616542136061e-01 6.471325914998904409e+03 2.020133282095859215e+02 9.442990654758004894e+03 1.324668164847627736e+02 1.837689701081856697e+02
8.234918276733063092e-01 7.752782388853422191e+00 1.157733723301878737e+00 3.986660332727509193e+00 3.875829578936013320e+00 1.699177042757133160e-01 3.004364869037908226e-01 2.483826022547253487e+00 1.144886041267959564e-01 2.319712292370168072e+00 3.610910945633102331e-01 1.468034043370032293e-01 7.175296864184287360e-01 5.168257999668987024e-01 2.512825606375148624e-01 1.410409230465045349e-01 7.025256119667204985e+03 1.452229641777599056e+02 1.035494724990311079e+04 4.909793135569233158e+01 5.877670234990878129e+01
2.282859046266213721e+00 4.392409689513078419e+00 1.755515949888850846e+00 4.258043655600968869e+00 5.336961432600887179e+00 1.132754078715527690e-01 5.223284193736931202e-01 9.859726085391683270e+00 1.365588581158643788e-01 2.575731190502197343e+00 4.136032609281820038e-01 1.226891731690472193e-01 9.312904984196029856e-01 4.470470428665246354e-01 1.341523991814127514e-01 1.616406114258411852e-01 1.318507309087636895e+04 6.487343811116085135e+01 1.254424068595078825e+04 1.533627546607320369e+02 1.423300565450472277e+02
2.427062667137582341e+00 2.514744713777090634e+00 2.397387353163154877e+00 3.126457059858510412e+00 4.577358271432147241e+00 1.265195538649439289e-01 5.915717904966730778e-01 7.349729873979010009e+00 1.857727376690853360e-01 4.176982901576515861e-01 3.518084220342598822e-01 1.048480544486634497e-01 9.749088412800447356e-01 9.346474091758925073e-01 3.116902507582390847e-01 1.406442357570828749e-01 1.357295611249529657e+03 2.452726356131164493e+02 5.233547777891282749e+03 5.095718362680158009e+01 1.082284834502306552e+02
1.406777042536678568e+00 5.713699817813511217e+00 2.606973539527659867e+00 4.867102407243203643e+00 4.583977972726783534e+00 1.301100668885692702e-01 3.937700662413096131e-01 3.216724225015985983e+00 1.391837027190785947e-01 2.264684858444203641e+00 2.150258353009813217e-01 1.252470975950860377e-01 9.072390512172612276e-01 7.242254140033419496e-01 3.681875514286512274e-01 1.990442621762711917e-01 1.301081692524850223e+04 1.805137068872798807e+02 2.287628902597678007e+03 6.576233049853847490e+01 1.006906483454800565e+02
1.863658040659394999e+00 3.816476514234831807e+00 1.450469308052638961e+00 2.938508617504252740e+00 5.059911609542973920e+00 1.250592662826873758e-01 5.932063823543598513e-01 2.499737883518414527e+00 1.869869927002316690e-01 2.672490941476601822e+00 2.466939101808048596e-01 1.269538401538633232e-01 1.232376332896901877e-01 4.054796469423288530e-01 1.612656120397879533e-01 1.144363749784368944e-01 9.519972447179403389e+03 2.487292766429555115e+02 7.302728505799062077e+03 2.640542368770690729e+01 1.379591609834238000e+02
2.134322037815857165e+00 4.765786768774114890e+00 2.559970614201712902e+00 4.252291930223661254e+00 3.478364587709490863e+00 1.239143896793474531e-01 1.180709704153934947e-01 8.963422196987053781e+00 1.318192017705255015e-01 4.344414354181688198e-01 4.509240736682109674e-01 1.492545551760177669e-01 9.246724483489515700e-01 4.783931708360438240e-01 3.323606707351591805e-01 1.390397130330797704e-01 8.363172180465633573e+03 1.699464071850063078e+02 3.589952265204011383e+03 1.102408093751541855e+02 1.011629500056856159e+02
3.056925135789067660e+00 3.760738470926962673e+00 1.650359910419713083e+00 5.225833932475506316e+00 3.398006133307433174e+00 1.362928148180811150e-01 1.763371630606914708e-01 5.560884451378689697e+00 1.571750455974549043e-01 1.819889883565338540e+00 4.899005474842467178e-01 1.496930756397169548e-01 6.286805408813059826e-01 2.504763724579697204e-01 3.861640366196796847e-01 1.122558555973849626e-01 1.229222805692911425e+04 1.525722504987020329e+02 1.634545639174527651e+03 1.229427847492380437e+02 5.642019386680573234e+01
2.661638119402270686e+00 5.980745128112538112e+00 2.200299209989204918e+00 4.843806008774443228e+00 5.262476776227469344e+00 1.452404789713983013e-01 9.098490799150901198e-01 9.109143273154739262e+00 1.934210346857731799e-01 1.890181234190359438e+00 1.787178071589320683e-01 1.138456620835065214e-01 7.675086748699009309e-01 6.952859707269110068e-01 1.924735378988026713e-01 1.788001575534221566e-01 1.064209860201352603e+04 5.806121266664963088e+01 1.271052934029003154e+04 6.891954689992945760e+01 7.580345425151126904e+01
1.006392102741544115e+00 4.425046174656849018e+00 2.273618892654032386e+00 2.489917027888524981e+00 3.559725197080654269e+00 1.713554541906749384e-01 6.068166834859962666e-01 6.439012854196399793e+00 1.955552415699866042e-01 1.705458157496363203e+00 2.499245827174921830e-01 1.041133830392964449e-01 2.590989003968244275e-01 4.295348777638642312e-01 1.287043121964372705e-01 1.089351811773390799e-01 4.828806035908786725e+03 2.173127606868759472e+02 8.055834479311090035e+03 1.370505402513117588e+02 1.301163023173996578e+02
1.941590155491482728e+00 2.504643843565058425e+00 1.514764381667926818e+00 2.732515976463657292e+00 3.943432589489017204e+00 1.216499537795396879e-01 8.790015259073816756e-01 5.134002302360201497e+00 1.607424651467133925e-01 1.662483680411058540e+00 4.589904633827374125e-01 1.031142797026173841e-01 2.627835379468866361e-01 1.259724389179663895e-01 2.036460050733991389e-01 1.914279809487077488e-01 6.070713595191936292e+03 1.110958549382769149e+02 5.537811923165510052e+03 1.267425828261760330e+02 1.100172433936330663e+02
3.161486631465447061e+00 4.519474740028739390e+00 1.255695831775109017e+00 3.890491669603073355e+00 5.188096145559931038e+00 1.779441621524196770e-01 4.885881479831637453e-01 5.444279020384394485e+00 1.806501790495922966e-01 1.107700092269052972e+00 1.471525575248731066e-01 1.091811414614130282e-01 4.396412124824748968e-01 5.059465716000689506e-01 1.399062718351468670e-01 1.124494054931545334e-01 6.215147028664799109e+03 2.105885739301889146e+02 7.233262173268473816e+03 1.501406639501581708e+02 1.725944780550904909e+02
3.094871083801997713e+00 6.930610474730302784e+00 1.619535298225684983e+00 2.072610670237742259e+00 3.340267088321349664e+00 1.527630900434834293e-01 7.163332726226622205e-01 1.038968811284360028e+00 1.013493049484396058e-01 3.599366788635059988e-01 4.007488284418373459e-01 1.081311584258749930e-01 1.449422313152596564e-01 1.324498344730429267e-01 2.485230896379882481e-01 1.599702118416567176e-01 3.449329845708143694e+03 7.465338156991059293e+01 3.105026351603149124e+03 7.531360486917660069e+01 9.683665123315722667e+01
1.439701764342444790e+00 5.282756579980787848e+00 1.176513375139952577e+00 3.451630219200957139e+00 5.660188176807253058e+00 1.808406396096163549e-01 4.522387418756503852e-01 4.019977011113454068e+00 1.694932578443701376e-01 9.614144764754997130e-01 3.506177909725779474e-01 1.371063518514422652e-01 5.581915812773612373e-01 4.357438358229988040e-01 1.409430376076749869e-01 1.483052294655407000e-01 1.132917944665761752e+04 2.426623498842142226e+02 6.053195727378829361e+03 1.022749836331378788e+02 6.150246875767243893e+01
1.721218813715021057e+00 1.679114434661834743e+00 2.508318072254899000e+00 4.652315618393439323e+00 4.737495857301696311e+00 1.134601400931448262e-01 6.487704031265754123e-01 2.836366788342058687e+00 1.966902819809575875e-01 1.630986355839694646e+00 3.700706361300245550e-01 1.165037267332821869e-01 6.987453859706653780e-01 5.678631650952958854e-01 3.560597824241515941e-01 1.657722486428329089e-01 8.905520047163381605e+03 1.929470789150986718e+02 8.275518227121261589e+03 4.133352154138022883e+01 6.228006665690658394e+01
8.655094559492635398e-01 5.308500516005299374e+00 2.829657511863072905e+00 3.978268773267418013e+00 5.549445946062134816e+00 1.022633362851647632e-01 7.424210743839732007e-01 3.187362183962136886e+00 1.774332810732902610e-01 2.053374667266153253e+00 1.394180236658457972e-01 1.067874433600017325e-01 2.030361564600526303e-01 4.728110589626124405e-01 2.371417701513917342e-01 1.489671612248827104e-01 1.013710699170311091e+04 4.741785354620888171e+01 1.071580679700613473e+04 1.032945916043246797e+02 1.163443744529704560e+02
2.750044536442146192e+00 2.679054013623498598e+00 1.790272059277212113e+00 2.316682916739904119e+00 4.040066003840330211e+00 1.482684341664093353e-01 7.178092094748181884e-01 9.527725296593400728e+00 1.776633626189354220e-01 1.774170963112913002e+00 4.155897225144601359e-01 1.310062469284695719e-01 9.771188814855089610e-01 3.620588145798688817e-01 1.375973100625666190e-01 1.351709308532167142e-01 6.710364634885975647e+03 1.765421409551537693e+02 3.871193954960315750e+03 1.862775132005980652e+02 1.287772985369207959e+02
2.180886922614496903e+00 1.453694529373487754e+00 2.671929759115631242e+00 2.852770411685527918e+00 3.740352799657538085e+00 1.920579403002622698e-01 9.101484750517940814e-01 1.818576231583203917e+00 1.307524197113056619e-01 1.833023097738298413e+00 2.970076890935713920e-01 1.243607752725817139e-01 6.932289317993303168e-01 5.242420055548454583e-01 2.409724764246314876e-01 1.194793332509147404e-01 1.385550675718246384e+04 2.837969893418527363e+02 9.120088168862172097e+03 4.425758779403287235e+01 1.107742927399797850e+02
1.462375281072278321e+00 2.149858371001094781e+00 2.155024211313881999e+00 5.440134967253812626e+00 5.551533360888067925e+00 1.924545205005670501e-01 3.298737192461895229e-01 5.509662209855775927e+00 1.053108620545748497e-01 2.683017013268273576e+00 3.176703469757139464e-01 1.141646936317278344e-01 8.783811105956049747e-01 2.727070015747831699e-01 2.499598382473768587e-01 1.169852059290629187e-01 4.322899450173148580e+03 5.698518974152722194e+01 2.633259093574423332e+03 2.842787420231789142e+01 7.371920217362381322e+01
1.254038817243428694e+00 5.649532225260918139e+00 1.849453407469428434e+00 4.810634202947603910e+00 4.408236734031104831e+00 1.480097841510979451e-01 2.820034944680384070e-01 7.027032716150505287e+00 1.662202657733459210e-01 9.870405503737167408e-01 3.011589417006959035e-01 1.097240259765039500e-01 6.150205067017479044e-01 7.996014328214929856e-01 2.501421661879008607e-01 1.812725202728939222e-01 1.329103170075081289e+04 2.818235682048912736e+02 1.157355941803542191e+04 1.703842810807164483e+02 1.736237875543276346e+02
1.814881547894935387e+00 6.504182570297647459e+00 2.010499790653430097e+00 5.533819998479103219e+00 4.375006320819347039e+00 1.532245725942385506e-01 8.591199982068108421e-01 7.182353025128271007e+00 1.641677568785005481e-01 1.611700586285852665e+00 2.090126972343401279e-01 1.182607797853352793e-01 8.904884219189661554e-01 9.198788039938847749e-01 3.513253057590184358e-01 1.439932100795156822e-01 9.836264038366472960e+03 1.009168377192243327e+02 2.577172947775753983e+03 1.771998981689817469e+02 9.855777278426708676e+01
2.007171637137033393e+00 4.102143941868646948e+00 1.647936736839377359e+00 4.390868612607765620e+00 3.348015213977679316e+00 1.764388799335049052e-01 5.378941731458751763e-01 6.355317679900969630e+00 1.050484331033983004e-01 5.661257738365608194e-01 4.245486688586352919e-01 1.249385297141732964e-01 2.465265973462418825e-01 6.254319759152162650e-01 1.559148628900714484e-01 1.427360425536921551e-01 1.122763129582939473e+04 2.927035685608321955e+02 1.197452874577004150e+04 1.622879114963023142e+02 1.022353297745998191e+02
2.675509151720666168e+00 5.271189258605721406e+00 2.363454581730727089e+00 2.710633413176632089e+00 4.982059556294899494e+00 1.790885683751427537e-01 4.776773642074345627e-01 1.802895307336598973e+00 1.167460166880639194e-01 2.308415202091218976e+00 1.414062503566371753e-01 1.095211278760740564e-01 9.469140554170893953e-01 3.886919563840737224e-01 2.555681907797672237e-01 1.979491532865205461e-01 7.012556363537353718e+03 1.795403894185543550e+02 1.001952882068153303e+04 6.114710482507559419e+01 7.915716623700279797e+01
8.717243804696658271e-01 4.804152685009624335e+00 1.303887179950370401e+00 2.679552095268308509e+00 3.075438234187388264e+00 1.249378832200370854e-01 8.314609882037352628e-01 2.057764647058362151e+00 1.760927715126836546e-01 1.897980979634910748e+00 4.383593625300267194e-01 1.234451269162735176e-01 5.820949004411525296e-01 2.549883350550903316e-01 3.769614657783865175e-01 1.433194787803402648e-01 2.424731782781872425e+03 1.878994873582583693e+02 6.861426198985721385e+03 5.456428201678967582e+01 1.427602664228843423e+02
1.031205043191617099e+00 4.114626332035784984e+00 1.416469153748394216e+00 2.598303376794798947e+00 4.705828907607642719e+00 1.130951859750358862e-01 4.201924351671670887e-01 8.168082958845783281e+00 1.575677377619175978e-01 1.277326613353170659e+00 1.197906043445439717e-01 1.459033051298808947e-01 8.120758442943205591e-01 7.721152044502921363e-01 2.778151746426204549e-01 1.248651955458378038e-01 1.700451530727550107e+03 5.637229043773002246e+01 1.047575098752359918e+04 1.750257095721941027e+02 1.845323398532459578e+02
1.043829698340295042e+00 7.835902009851301031e+00 1.033119963823980969e+00 2.008142655504847163e+00 3.925718684847933737e+00 1.707836285829916201e-01 3.595993384021124450e-01 3.822738654522411128e+00 1.959415828564382567e-01 1.355629235686824474e+00 4.542165242429553329e-01 1.277472460709379309e-01 3.672359243140800311e-01 8.411893539221579896e-01 3.299101343696782540e-01 1.769282193250143465e-01 3.665147823653954219e+03 2.052697499978560245e+02 1.030693624914519569e+04 1.888764893449598219e+02 1.784711754825057994e+02
2.503495657908032523e+00 6.805176335230799012e+00 2.986561214002589004e+00 5.182899679006846227e+00 3.939415614780645836e+00 1.049930033773493060e-01 5.812650290521383933e-01 1.338429613378266492e+00 1.609313578062478156e-01 3.534211589088711580e-01 3.319006420024168680e-01 1.305714421592567009e-01 6.828134238547279855e-01 6.581866536575153859e-01 3.832747303516251813e-01 1.581962009279321291e-01 1.312946557339852734e+04 2.299907385884404221e+01 4.813956770448599855e+03 1.262102388694664654e+02 5.102379853256842068e+01
2.885672555333532507e+00 5.758616252449387574e+00 1.092825511201747313e+00 3.360487313667012366e+00 4.873737400755549842e+00 1.063712434602623880e-01 6.409601731863636687e-01 1.526886020017949042e+00 1.621878854540981241e-01 2.153779869337579367e+00 4.512461967192776813e-01 1.155498655200088987e-01 3.433002207524860072e-01 2.251545437413660367e-01 2.052102541891875909e-01 1.649945723013741539e-01 9.159667833506866373e+03 9.210034260339847378e+01 1.168071039378543901e+04 9.472895788997949751e+01 5.858318135484601186e+01
2.349468214134682764e+00 6.399757601395355877e+00 1.662000546016757063e+00 4.291828254504917339e+00 5.345129283122531660e+00 1.036742613965885434e-01 8.974987897265225278e-01 2.404891634647579934e+00 1.838741675904065898e-01 2.279594368363405010e+00 1.996849126327646939e-01 1.373891887960942415e-01 6.565949766864752624e-01 9.820398719910208296e-01 2.006364934329227245e-01 1.784092485499650660e-01 1.391466605823811369e+04 2.809960624401912810e+02 2.149961691092585625e+03 5.271966237851479065e+01 5.952224957811812800e+01
2.609863834932635296e+00 2.594850566671387693e+00 1.207854052540447976e+00 3.290162867694132132e+00 3.669971482597969015e+00 1.439845894906973678e-01 1.288376214593214553e-01 8.686535882412343312e+00 1.078706366271467848e-01 9.857114106481510429e-01 2.896264855242167702e-01 1.365701192097651950e-01 1.040032877604775002e-01 2.207004430490934199e-01 2.256244186198679835e-01 1.255858590784629802e-01 1.450607244871845432e+04 2.564644311389799896e+02 1.131949618466149150e+04 1.665322866139105145e+02 1.284244956720692130e+02
2.797150561165088867e+00 3.271076902500348105e+00 2.868776974162869919e+00 3.882340081099665774e+00 4.748863832791841766e+00 1.741525724390798335e-01 6.624879071549176768e-01 4.489439575104353430e+00 1.276133763363252738e-01 1.247124590423051904e+00 3.840849842808581327e-01 1.024816154216472985e-01 1.208052969461195919e-01 5.098788542045591399e-01 2.354916411517397334e-01 1.720831252920347054e-01 7.699307208447126868e+03 2.687069526913784898e+02 4.505235095358784747e+03 8.685539490288330455e+01 1.760677527402743294e+02
8.322168911442566763e-01 4.183604742124641618e+00 2.111600538502655944e+00 4.426315269273320752e+00 3.311434314558733050e+00 1.493926603598264569e-01 3.311043454113951068e-01 5.167589104742766892e+00 1.444751167029987293e-01 1.085896238194770325e+00 1.266924782677471273e-01 1.288139456098172653e-01 4.174818634919126303e-01 2.576862646360513764e-01 2.390766292812947502e-01 1.799447378783798346e-01 5.660636742297112505e+03 1.667605204153801139e+02 1.042465755223721681e+04 1.493605230206929377e+02 7.859729769138323263e+01
2.766864684941584773e+00 7.723117601297879276e+00 1.069417320719807662e+00 2.485565253095617599e+00 3.838006131320989667e+00 1.428659539868671891e-01 4.451150690989542635e-01 7.895258687370813711e+00 1.008170358129946292e-01 2.362389783258385556e+00 2.061565523876323636e-01 1.061204659282996149e-01 1.521117189903792299e-01 8.371881870854850360e-01 1.695912056727745254e-01 1.268533807598961616e-01 2.719073977013216791e+03 4.627168955044883347e+01 1.160342204557728655e+04 1.969696760369902222e+02 1.579618825083702518e+02
2.592213740767204122e+00 7.915042335257561845e+00 1.082404209957576358e+00 5.354609941324790512e+00 3.703885206466400959e+00 1.193827127247854281e-01 2.092957545190935187e-01 3.125416522127233865e+00 1.552577757642171763e-01 1.228941930154355378e+00 3.675400377193750456e-01 1.122335140299519918e-01 8.549268250592805263e-01 3.192172825522149315e-01 2.107709385073003872e-01 1.418443984848913320e-01 6.047041803245322626e+03 2.624130425802002264e+02 6.997651606408621774e+03 6.470550062417825643e+01 5.740340136151378658e+01
1.303598624235449366e+00 2.541674654881692419e+00 2.957711649981706437e+00 2.255546815862462751e+00 3.381695425346380457e+00 1.093731746112232284e-01 2.842178697797355658e-01 3.905344773913776546e+00 1.300956774366716640e-01 2.317843172501048876e+00 1.284389862269946780e-01 1.167691374685959210e-01 8.435049308024070713e-01 8.467915916754622518e-01 3.776959271450316402e-01 1.174759466215964526e-01 1.749395723774532598e+03 2.723674869738077291e+02 8.251437297540753207e+03 1.993894407372429498e+02 5.481203371432012972e+01
1.188344290470193299e+00 1.428798538784480376e+00 2.774428612189760113e+00 5.397355543270299094e+00 3.061768098959010587e+00 1.319222962989081149e-01 2.903467187385662118e-01 3.852345473076657090e+00 1.063741416949001983e-01 1.672277522758248036e+00 1.653978054692151201e-01 1.420822341552370194e-01 7.151292154440509474e-01 7.643580746307231388e-01 1.733954091414599274e-01 1.241565806619110979e-01 1.353383417535372246e+04 2.559635857382787663e+02 9.567572847250878112e+03 1.719258307248283586e+02 1.109096298805844469e+02
1.324959853739898774e+00 7.849016870528338075e+00 2.701763657101968530e+00 5.873956272435106207e+00 5.991844704555335355e+00 1.816241697274829647e-01 6.971410809447532442e-01 4.336539521712327705e+00 1.518952738311607764e-01 3.403999248271806777e-01 4.226921998471020459e-01 1.047330946450607259e-01 6.400952873132808030e-01 1.794216156053665134e-01 1.209502910663800002e-01 1.285598611498803556e-01 8.101816661313202530e+03 4.805069971400018147e+01 7.253745759281548999e+03 1.715445081541319610e+02 8.292784245195923631e+01
2.850684557874133773e+00 7.271070502935547353e+00 1.828145694486345008e+00 5.270334559545744924e+00 3.995016036124367176e+00 1.825918621289644994e-01 5.105519147272445935e-01 9.410372319215124293e+00 1.412004614622806298e-01 2.759568134143186136e+00 4.305927927796894261e-01 1.406718703157692485e-01 5.308120611894646679e-01 2.666794580433999307e-01 1.433763691128804862e-01 1.183545310779124671e-01 8.580169463765054388e+03 9.126364764663908602e+01 1.235264970526898105e+04 1.683036783931103457e+02 1.592347853504167574e+02
1.644910775646980072e+00 7.003140142907676946e+00 2.766513692733543195e+00 5.198773477744718541e+00 5.598917182324444575e+00 1.766873534081526698e-01 8.852687755020033356e-01 8.295340475861337382e+00 1.038272480361639855e-01 2.785812895688609903e+00 3.121382701201363963e-01 1.166502476588893167e-01 8.889704075438966679e-01 3.388995110403896227e-01 3.387110425625833310e-01 1.301272372196236593e-01 2.232239071177286405e+03 1.845785207037951281e+01 1.005590634761311958e+04 1.339752487563700925e+02 1.551360991185537443e+02
2.570829859778155146e+00 6.005335554239350060e+00 1.577255824084056179e+00 3.750033998831485249e+00 4.198511418665584749e+00 1.736551468777424723e-01 6.143343956228046743e-01 3.328770261747846071e+00 1.302573808459455973e-01 2.115989066246652950e+00 1.639338118115770682e-01 1.212742563324309408e-01 5.356581444011785376e-01 4.018784338804872736e-01 2.977959996640626716e-01 1.201649243389686095e-01 1.034174156358415712e+04 1.225683574169057977e+02 2.465192204184652837e+03 4.254274094328081901e+01 1.358883599392075041e+02
9.813137191575920237e-01 1.922198016009901034e+00 1.763857202486455167e+00 4.159759922621578454e+00 5.969878620428618277e+00 1.734147327875767142e-01 4.209815177392716157e-01 1.202570420460878253e+00 1.334273980609436416e-01 8.904481820723839647e-01 4.856002405892443363e-01 1.045181058100009414e-01 2.789944530597637806e-01 3.501547545585628196e-01 1.490758333305574612e-01 1.131953403791356449e-01 4.296991986266473759e+03 2.592568054421464012e+02 9.813732265351300157e+03 6.347460331559404523e+01 5.836958932488001039e+01
1.874206104409545048e+00 3.555001210557190205e+00 1.552978614339452612e+00 2.100850552338411337e+00 3.021167045043139154e+00 1.646765159421637592e-01 3.131131711865369760e-01 9.154057029796881295e+00 1.029966625822475723e-01 5.740185651741727124e-01 4.440866160064504964e-01 1.196884769190014325e-01 4.832273139697811359e-01 5.502656406359145436e-01 3.696393958646980726e-01 1.082550250210038562e-01 7.317736695434212379e+03 5.076211580410522828e+01 4.319166241243927288e+03 3.401809820264199402e+01 1.840469876511275231e+02
1.500131723999766908e+00 2.988271124450424310e+00 1.248574054299386393e+00 2.585052441406749946e+00 5.511624637303023988e+00 1.780028371585183899e-01 9.245565059870353153e-01 6.853860039046856478e+00 1.853707863870769079e-01 5.032532047369709938e-01 1.990461910964534398e-01 1.392424772215060391e-01 7.387778825221750223e-01 3.037452662855420482e-01 3.825007842917695911e-01 1.887858566420633488e-01 5.355187221507471804e+03 7.233302789342766914e+01 1.559639294578054205e+03 1.892257129139581764e+02 1.225250774263278402e+02
3.181431044363874250e+00 4.485181463216688869e+00 2.709711902273771678e+00 2.684113442537731764e+00 3.974830537531511165e+00 1.246576562823266537e-01 5.426945138714478478e-01 9.037564023191327678e+00 1.754679575771166122e-01 1.530562788269521857e+00 2.268645559274299617e-01 1.046122129739723433e-01 1.674410268737918650e-01 4.390114024310757257e-01 2.691082756151015887e-01 1.920745516468110869e-01 3.344267834386395862e+03 1.485173496643392923e+02 5.207666565595844077e+03 3.251338253927130495e+01 1.503935228370980894e+02
2.403871236429964586e+00 1.931864633712090829e+00 1.581848777162650155e+00 5.918649615941623310e+00 5.666698481974684398e+00 1.637597361111487460e-01 6.275513426271761563e-01 6.319453594946650377e+00 1.223108935933403807e-01 1.734030112706336890e+00 4.145364164418944286e-01 1.063628671487551608e-01 7.726638677372840158e-01 3.241354517700612003e-01 1.446304334847454409e-01 1.226616292815212450e-01 5.133640289281757759e+03 1.030701948759479052e+02 8.839309685671047191e+03 1.603088404064735073e+02 9.414335414490398080e+01
2.284618827996849788e+00 1.982430180652699603e+00 2.813116731084079447e+00 2.394573472538254588e+00 5.943328488021575318e+00 1.596115430634088561e-01 8.306399783172196960e-01 9.146876270548862209e+00 1.265276889388347037e-01 2.504541601683783369e+00 1.837554886033373192e-01 1.090648738456033301e-01 9.416085700298549854e-01 6.478840653836808183e-01 1.237231787699176605e-01 1.333120898035143886e-01 1.447752311784137419e+04 1.533383896358657523e+02 6.589277530465481050e+02 1.086154997486689808e+02 1.546155137290959374e+02
1.476736285459382625e+00 2.305727048565880288e+00 2.940540759881800970e+00 4.040386210151220681e+00 4.644693235382415075e+00 1.577999426286177120e-01 2.300851004794909893e-01 9.503529131714982370e+00 1.371697913397739166e-01 1.864066066501434138e+00 2.592485234214375045e-01 1.057394524278550407e-01 9.797233390068306180e-01 8.487973434046043320e-01 1.386848299237477822e-01 1.093292729495753540e-01 1.325256238767646391e+04 1.608782493519811396e+02 1.828845614177672587e+03 1.367670699697999908e+02 1.490568016903243915e+02
2.683718458990022704e+00 3.533635633839002921e+00 1.862200222484646339e+00 5.022345354466722256e+00 3.698688404832326526e+00 1.002988935261260872e-01 3.839571919361992602e-01 2.885889423706791135e+00 1.877415167500840754e-01 7.244108810150193811e-01 1.877626562387647857e-01 1.181422940910954594e-01 7.597389950325059704e-01 2.306456508602805211e-01 1.405903529951547937e-01 1.173333032475874227e-01 1.486075599736087861e+04 2.260218006524718533e+02 3.922851266460492752e+03 8.757597061233688862e+01 7.114302414919079354e+01
2.380668381515964604e+00 2.124432824151676336e+00 1.469178413451358578e+00 4.151373556902710149e+00 3.887808598301623064e+00 1.296172879292007418e-01 2.885169693893988585e-01 4.708989452573697498e+00 1.788165064358371303e-01 9.582922650473764126e-01 3.445941066528219743e-01 1.030930381100802345e-01 3.818419896557418980e-01 6.750538369270967509e-01 1.528218651956562424e-01 1.311767005896750382e-01 1.184831581597178410e+04 1.639947470693687137e+02 8.660643571501246697e+03 1.491141013362212675e+02 1.570228081613241784e+02
1.955878747774902893e+00 1.744534485762297749e+00 2.900291735321328446e+00 3.527257238320455457e+00 3.355648636200837309e+00 1.510296514974646120e-01 6.225047719984480032e-01 3.953383610897746259e+00 1.342427796646898652e-01 2.143663870119901560e+00 1.517029844076837608e-01 1.170441139496558453e-01 7.052805026124890908e-01 5.988444274225890318e-01 2.794785921434585485e-01 1.473377526494967227e-01 1.461907806865420753e+04 1.757007042844477098e+02 1.248819775984203079e+04 5.565736188826259934e+01 5.672626323701235407e+01
2.881814226582573468e+00 6.688575500117567074e+00 1.351458525511135766e+00 2.956147626276210971e+00 5.311530117656461769e+00 1.566161856650349071e-01 5.160922569416839245e-01 9.268235197473586595e+00 1.278057157022877699e-01 2.433930767844562748e+00 4.841290104058829646e-01 1.397191518448573089e-01 8.811931882059489407e-01 7.516981013982954041e-01 2.439372813734454748e-01 1.314768634988331963e-01 7.524326423848933700e+03 1.751592462224290614e+01 1.181785627991474576e+04 1.509819890806153921e+02 1.513576148159853290e+02
1.962531392520316942e+00 2.090216367703392919e+00 2.880220209798189934e+00 3.682184669273796729e+00 4.110740696256989679e+00 1.311610912707767418e-01 9.926194909315396719e-01 1.079429890250945823e+00 1.583306352134511430e-01 2.687401811594523515e+00 4.734608797665303959e-01 1.119152642177568546e-01 3.162858190612335973e-01 9.480420668345570512e-01 1.456692262355900880e-01 1.726510379238129222e-01 1.062821759504889451e+04 1.163615813024670729e+02 1.354090406473478197e+03 1.077818725665757995e+02 1.336688932759461466e+02
9.955210233321459823e-01 3.345852519080540155e+00 2.792885793511327375e+00 4.460032622630363264e+00 5.118523798234982713e+00 1.178341428811645053e-01 6.150098765581998306e-01 9.713782046770537804e+00 1.338260738214951118e-01 5.122914418053926555e-01 2.696592590124405886e-01 1.424472356113536398e-01 1.962714435115643086e-01 7.256561329695606632e-01 3.418654759593083847e-01 1.342514992679426644e-01 1.497712527627818781e+04 2.784914754506510235e+02 5.938487287183699664e+03 1.564762890898756211e+02 7.009092807516529433e+01
1.491523591459989806e+00 5.244316146299885517e+00 2.977977465739732210e+00 3.338839650771241452e+00 4.265289704705995000e+00 1.612881076138528436e-01 1.088715012650772473e-01 4.943135894312341350e+00 1.487942987027204567e-01 1.460928206771295867e+00 1.450897222840457079e-01 1.304892452406670733e-01 8.730659171165158217e-01 3.521112427643791065e-01 2.575089811131601181e-01 1.296512233317502483e-01 4.887173784491754304e+03 1.827342164228441845e+02 9.642260360608712290e+03 4.351171563369634043e+01 1.294169669981681068e+02
2.322011781891901272e+00 2.959042919083580081e+00 2.164929133121777483e+00 4.619189530476085714e+00 3.581705122098219896e+00 1.255585793580133169e-01 2.642451171906903262e-01 1.025114811496756095e+00 1.507241042437896805e-01 2.942350340636643136e+00 4.386028941140205362e-01 1.162163820460801467e-01 7.073505851639998454e-01 7.584670069657375446e-01 2.990660926780620565e-01 1.450806753972456731e-01 1.169443172651109853e+04 2.754425639993544337e+02 1.063317652472599730e+04 1.461946886092167688e+02 8.801869516641855284e+01
8.851048130574856732e-01 6.485871108878541236e+00 1.334172009739568399e+00 5.505251668600836368e+00 3.422521831993905472e+00 1.341909010022235560e-01 3.998194971875091985e-01 6.148209789174521767e+00 1.666457069530657975e-01 7.856557685940163127e-01 4.958587688980869990e-01 1.257472393164774382e-01 1.556117981421605567e-01 4.492280909507399000e-01 1.619237978533236699e-01 1.992221082322463421e-01 9.035404337158506678e+03 2.037794053137091339e+02 1.086264832334825769e+04 1.873634881795801732e+02 1.734414778499894965e+02
1.346056734405740363e+00 7.414800027519389047e+00 2.351777611092032760e+00 2.569441077739323287e+00 5.578305778194664555e+00 1.199344643403502109e-01 1.797015544770512174e-01 2.973806956684054370e+00 1.368570795760580550e-01 6.878970910653185999e-01 2.618543546469953576e-01 1.351280909298182009e-01 9.376678914883774807e-01 8.300295663419042791e-01 3.487208791208928904e-01 1.202876494228884152e-01 1.354727225628209817e+04 2.015167094154934659e+02 1.039003658230069504e+03 1.395314877549083690e+02 1.135448376590247221e+02
2.417179239214935382e+00 5.372692496530943274e+00 2.896759522133384834e+00 5.795313344552662116e+00 5.091627570736505071e+00 1.573612144958906889e-01 9.731597996952233709e-01 3.389049927189905720e+00 1.563941735342758155e-01 4.944292846866362168e-01 4.334616208973808282e-01 1.020598354615532832e-01 9.036565742151050351e-01 4.424611426949500714e-01 3.761579998064649155e-01 1.345134628712143787e-01 1.495627114723625255e+03 1.543066235504479096e+02 6.927708599952313307e+03 9.692262421312892684e+01 1.828799804168247931e+02
1.629854912844700632e+00 2.323051313668175410e+00 1.366299101127725013e+00 4.422261105506525070e+00 3.038335204525941080e+00 1.589685791738604248e-01 9.805612586901991667e-01 9.381100739527044041e+00 1.047854881056845266e-01 1.163978241694804794e+00 1.605222729828930106e-01 1.199889036521605140e-01 6.109837991079291042e-01 5.215921836877634998e-01 1.611632125628643664e-01 1.434015247180389641e-01 9.178463529521224700e+03 2.745924219486942661e+02 7.708958431154035679e+03 9.240481488737314919e+01 1.037570586529099330e+02
2.820594841472681580e+00 2.925981620909339664e+00 1.614274137006727505e+00 2.085426828794337606e+00 4.297053332696121331e+00 1.866778854429277934e-01 1.353067401623865018e-01 7.865520159793332411e+00 1.472347650976565947e-01 1.401117372399249161e+00 4.029274630043706562e-01 1.096199376139419812e-01 2.551119307922271040e-01 2.602326399586165628e-01 1.589586722581175504e-01 1.505679719507969083e-01 2.840835049306597284e+03 9.482095808609349774e+01 9.055351087174687564e+03 1.785853362440561796e+02 1.610440607283032932e+02
1.280071925226141882e+00 7.922170942844754649e+00 2.994150607261249597e+00 2.821491443399297694e+00 5.463132634889337425e+00 1.016646017496705134e-01 1.745319533180094695e-01 5.000164732711604998e+00 1.979875511330331517e-01 1.067556677331656934e+00 2.683456900161477199e-01 1.070422846186733501e-01 4.685998752068317730e-01 1.540013271637532544e-01 2.306845055635231845e-01 1.856737224277417164e-01 2.144099782119672454e+03 3.328565576079674315e+01 1.165045479694031019e+04 1.883062660838132558e+02 7.071238664414090636e+01
2.395454515881436208e+00 4.193975643401749664e+00 2.012927061403664730e+00 2.447972821172946567e+00 4.349354834449158602e+00 1.153010716224786708e-01 9.724299741047485179e-01 5.237322913385329848e+00 1.267501686599487032e-01 1.581797581834337052e+00 1.891013683994551831e-01 1.298755628504810189e-01 8.070974787166789177e-01 5.865533029524169217e-01 1.072677238577719738e-01 1.943934942568319724e-01 7.078261614580019341e+03 2.582040945940964320e+02 3.959054440546820842e+03 1.978575850466379791e+02 1.674900108765545497e+02
2.141146698663042081e+00 4.337391068080257206e+00 1.819565399411693374e+00 4.743453050763258183e+00 5.281096437163981250e+00 1.644079792058968370e-01 6.821531921465587844e-01 9.212160988429273445e+00 1.750374269352568957e-01 1.198424667188653370e+00 2.163828806319125497e-01 1.440926009569594712e-01 5.332417194524401438e-01 1.468500908403885252e-01 3.954287465360106779e-01 1.653158461319264028e-01 1.376640236443555114e+04 2.505150748090999002e+01 5.197667057353245582e+03 1.073945982866113695e+02 7.168251695629457743e+01
2.009758945465586866e+00 4.702476715649378747e+00 2.080610837111269706e+00 4.392234010940521571e+00 5.440661512725190718e+00 1.072293358894113036e-01 7.449359938884354548e-01 4.024598426775886750e+00 1.596594467738235434e-01 2.521498701195333147e+00 1.501940794340815288e-01 1.323088985434491271e-01 7.101238448412112714e-01 1.244510817447789242e-01 1.683392713600865287e-01 1.731145822007620350e-01 2.098857843668874921e+03 8.497294088570008341e+01 3.431525255349830331e+03 5.734991757073031948e+01 1.671400296859717969e+02
1.231977258214551618e+00 6.834139128265135810e+00 2.631691665924658974e+00 2.719439901390479530e+00 5.353707671844049720e+00 1.605044048978562787e-01 4.596405951126467659e-01 5.664773686499309235e+00 1.437238959171693864e-01 2.404426994750660462e+00 2.426283484809662327e-01 1.012272228189916717e-01 5.547378940040698092e-01 8.497489564201353707e-01 2.607788913395229224e-01 1.503459562969037266e-01 1.246428748659321900e+04 2.915503088760497121e+02 2.724503358245799973e+03 1.632845684576956273e+02 6.341809804593024325e+01
8.147287081610669057e-01 6.122680651698308552e+00 2.469841228729247717e+00 2.031663150782841321e+00 3.732336538630556255e+00 1.562145696553698948e-01 7.839266184242859037e-01 7.701256284600825452e+00 1.795159632114334824e-01 1.997891594601621357e+00 1.251970465891862616e-01 1.466069325054059624e-01 3.232313718191310858e-01 6.876187165389467948e-01 3.783141001770677914e-01 1.838887346091402086e-01 1.344030686849971789e+04 2.830095782785242591e+02 1.076969910580485521e+04 1.043382727604251983e+02 1.121156566095743017e+02
1.036650110934894675e+00 5.881288418630584047e+00 2.219291391894327781e+00 4.882198247801589730e+00 4.484055109474479828e+00 1.115708184164327654e-01 3.653834881552577851e-01 9.795932547295691961e+00 1.221142353973231620e-01 1.835056219904259711e+00 1.898425574620466461e-01 1.446363084041554503e-01 1.480648588318224101e-01 9.954946296866942212e-01 2.894959236136326330e-01 1.629963311323339714e-01 4.441924757050159315e+03 8.823701971280274847e+01 4.738346476312994128e+03 1.816056408143873568e+02 1.557076551550908334e+02
9.912146163933804877e-01 6.019610815382231195e+00 1.014263507162652012e+00 4.309895121621430292e+00 4.522236204032112461e+00 1.358855320342463591e-01 8.433065138577195974e-01 6.646724208015563740e+00 1.351507916772227980e-01 2.694896314407069227e+00 4.971157083703067192e-01 1.242024609801612722e-01 1.742847045778081749e-01 2.181509790451077180e-01 1.916682304945562243e-01 1.234025698986883079e-01 7.824742214630131457e+03 1.381789643587950707e+02 1.262150965787211862e+04 5.211153386746823912e+01 1.417321123922491779e+02
2.185918479067335607e+00 3.784496719137555587e+00 1.796146454738495990e+00 3.786070545783813301e+00 4.824480228389386838e+00 1.953695044005027692e-01 2.551714913905397952e-01 5.820552297106133643e+00 1.769074437964054114e-01 2.462820636968799271e+00 4.927089666624224762e-01 1.359150285969696892e-01 3.341885974412855398e-01 1.053837509464984473e-01 1.872376439699146022e-01 1.065614753489520089e-01 1.434655824315613427e+04 2.815704786852809249e+01 1.003501913241523084e+03 1.933587018096671102e+02 7.156276470523749822e+01
1.550242016953736979e+00 6.299283600801629746e+00 2.838057874382421186e+00 3.456412873850400302e+00 4.922015433443382548e+00 1.548509188652321678e-01 1.814197785374077054e-01 5.279616514416814788e+00 1.887842830700806884e-01 2.161767432599337457e+00 3.825248907276260768e-01 1.245428978260229858e-01 8.817280515307864830e-01 1.367534234133934989e-01 2.463842500262894142e-01 1.944024370533168899e-01 9.655273651934225200e+03 8.228727164041120545e+01 1.018036123484611380e+04 1.098325068484970757e+02 1.573342663222416604e+02
1.053533362796596373e+00 4.770188766870896657e+00 2.072007431903449159e+00 4.707743702837467126e+00 5.684965047346478784e+00 1.488623429855376323e-01 2.185888808029593511e-01 4.495162387571867590e+00 1.142605544163091541e-01 1.375354890472338276e+00 4.806466396541679842e-01 1.478272479997139177e-01 1.494403930796083246e-01 6.601990222765673488e-01 2.550936638858365413e-01 1.476769187639911662e-01 1.052780681293167800e+04 2.192263736186331187e+02 9.753974241349316799e+03 1.547009765746039989e+02 1.150643853742654414e+02
3.135158693942398322e+00 3.169306193867076793e+00 1.874020422692647347e+00 5.385465031333767527e+00 5.390420675562682007e+00 1.528038828727638077e-01 6.469255188504017262e-01 7.368059855121336987e+00 1.533044266986685888e-01 2.919064948459576314e+00 2.189017048533552778e-01 1.172006696834341916e-01 5.276312139985620542e-01 5.292425606494707280e-01 3.413062720168533737e-01 1.428177989490301558e-01 1.423048167063107576e+04 2.063134659482988411e+02 5.776003643588665909e+03 1.141021386948222585e+02 8.185805529420470350e+01
1.957153310416723579e+00 4.206508117511194911e+00 2.677473101879216610e+00 2.901520394794013136e+00 4.252901831132106736e+00 1.681168722542824567e-01 4.911642460932530430e-01 8.389224448869985196e+00 1.146462398308428082e-01 1.855762428492769622e+00 2.632225819924074450e-01 1.348031800178087491e-01 1.295089771259614886e-01 7.114294347792742279e-01 1.016087383472380340e-01 1.988580411410091897e-01 3.396379956656866398e+03 1.599774071018504742e+02 4.043397569530808141e+03 4.599895212892848662e+01 1.964985851524496638e+02
2.576687152759244981e+00 4.284876929703408166e+00 2.954087352326550509e+00 2.640223650496891672e+00 3.293584945290141341e+00 1.457749377399698287e-01 4.092527689567058147e-01 5.919043150953189780e+00 1.483583167619159926e-01 1.338465341225501648e+00 2.507793443442739578e-01 1.217736687495201697e-01 7.943597055565522203e-01 4.161549726015391082e-01 1.440620389926365874e-01 1.146732910334016531e-01 7.190017005829625305e+03 4.576164870480758395e+01 1.468031130066754031e+03 7.805982160596494168e+01 9.725417987134068198e+01
1.332198203025078298e+00 3.275401129908268594e+00 1.030976036591741085e+00 5.707386937867479304e+00 5.736786427181385761e+00 1.956947593986823053e-01 3.489690575486407154e-01 8.754612546565958553e+00 1.417591523419386434e-01 1.849138751496931299e+00 1.241136538359291497e-01 1.134802111850150008e-01 3.726775888770144096e-01 5.034413369812515970e-01 3.098509546251249636e-01 1.695598927659960342e-01 7.445061184912198769e+03 2.852053751294751009e+02 9.924529536587273469e+03 2.620517251795461533e+01 1.344187384704728174e+02
2.164895252472118337e+00 2.441613434591234366e+00 1.845045131633993751e+00 4.515809631343461916e+00 4.642598465953710729e+00 1.805821445912647594e-01 4.045474088274665370e-01 8.537119469014204043e+00 1.259227824082640168e-01 1.871571503704906991e+00 3.715937687786242671e-01 1.302389652065367720e-01 8.534642002152712514e-01 6.698829991691764851e-01 1.423242993549020396e-01 1.134136403120602210e-01 1.427342953546618628e+04 2.357619654659263517e+02 1.266489700783275111e+04 1.434521806217706512e+02 1.433822511599003064e+02
1.389568231187644720e+00 6.650635223586247591e+00 1.011183655280637472e+00 3.841620478438059649e+00 4.461575043893665438e+00 1.181308254560579502e-01 7.107539610560432708e-01 9.425596962312175364e+00 1.639459161423745259e-01 1.360475599849621187e+00 4.698925044404362872e-01 1.127621358015376274e-01 8.034373075014525911e-01 4.522089350329419055e-01 1.331846177165282863e-01 1.052170540081446559e-01 8.592208188027965662e+03 1.444474425155843846e+02 7.761776753670610560e+03 4.218973163740362509e+01 6.775120630326037485e+01
2.957157983996436812e+00 6.695640465887292336e+00 1.786188508343308223e+00 5.753960891312130954e+00 5.916343582388822853e+00 1.117680728456334344e-01 1.391147766252287532e-01 8.568440196486314164e+00 1.604310985266296785e-01 7.530107139107559133e-01 3.957710713347161180e-01 1.266313047701586036e-01 1.796701435714884720e-01 2.871344932503208103e-01 3.554882688129139545e-01 1.578093119980759074e-01 1.382444402595360953e+04 8.710182813555078951e+01 1.296773944207696877e+04 1.849325593971813362e+02 1.906751482715848738e+02
2.947252234631469570e+00 7.427506882787676901e+00 2.579266566637214098e+00 3.142088242850373803e+00 5.888543346121799971e+00 1.295534995929219224e-01 4.106179631035205002e-01 4.249151018818929870e+00 1.905158760401916840e-01 1.483609045989473962e+00 4.008292701722909745e-01 1.321665217883875310e-01 6.171160496134929785e-01 5.432229601610365499e-01 1.229507658296776634e-01 1.966595783887628845e-01 2.809810547770657649e+03 2.089480670545535190e+01 1.182903842380936476e+04 1.753962035055811555e+02 1.961466390228902128e+02
1.000157190250716699e+00 4.981800097301263719e+00 1.475317138944036266e+00 2.777267858771486964e+00 4.499185633590891520e+00 1.155044306221854888e-01 4.705920564512923177e-01 9.348068407105721178e+00 1.327535255313787577e-01 5.257918367169509555e-01 3.391293595779910630e-01 1.340261847737296286e-01 8.237678959480484453e-01 9.851242963812483211e-01 2.738307341105419290e-01 1.817537906227743583e-01 2.042270444214432018e+03 1.594564075154848126e+02 3.698874335763093313e+03 1.953735338640142913e+02 9.810198917541859487e+01
2.833115394149004374e+00 6.618385276880948354e+00 2.538084955872391468e+00 5.075626158288223166e+00 4.733730196324330564e+00 1.922505725834036117e-01 4.813984123811443361e-01 2.068016146738915761e+00 1.285110637596295624e-01 2.565818183595346635e+00 4.232003612448331786e-01 1.002506360698255938e-01 5.733310136508201760e-01 4.846258882595437800e-01 3.830489899327921277e-01 1.164881965818766602e-01 3.265661537562278227e+03 2.288088774639687983e+02 9.953986148415602656e+03 9.818765598410411144e+01 1.204763168614477138e+02
3.002969125203670764e+00 3.336934819084652837e+00 2.453061148945650416e+00 5.211600023819906724e+00 3.802505266825570995e+00 1.472569875536203776e-01 3.892553662415858540e-01 5.363581404069570624e+00 1.738784130587132659e-01 1.816545549327373665e+00 2.009469127088855389e-01 1.123107204170540746e-01 3.656199174349800129e-01 1.207235103011343319e-01 2.692817361235719797e-01 1.243435249422788907e-01 1.435605245619596462e+04 8.884567544920500382e+01 6.215610095020957488e+03 6.924373162182905617e+01 1.864912343470541316e+02
2.917974299459977772e+00 7.789495959781325141e+00 1.039001012584388262e+00 4.759479598451521909e+00 5.562854571449962648e+00 1.204406337042017022e-01 2.001259505483071188e-01 6.384008992267924398e+00 1.273266831196600835e-01 2.677841182078611659e+00 1.428093437328329662e-01 1.059215197702913780e-01 1.919183133333488833e-01 5.583344776498946338e-01 3.411516958737251803e-01 1.825848170010789251e-01 3.114284571637205772e+03 7.263014481903039155e+01 1.178414009929641361e+04 4.009398897418660113e+01 1.238404472056757584e+02
2.646419415752326643e+00 6.878097324662629575e+00 1.730202194272521865e+00 3.606266411405650629e+00 4.055918651686296172e+00 1.348493655568518967e-01 8.660645494644472198e-01 5.696692970708107318e+00 1.922371423222417886e-01 2.634396142506346017e+00 4.999962136127832357e-01 1.190363356494043706e-01 6.550702229965311707e-01 6.709853833036227844e-01 3.994581621904980118e-01 1.822471586024760060e-01 6.617699936037623957e+03 1.971696957862098714e+02 8.358170259974180226e+03 8.014455827385583575e+01 1.934774020112729147e+02
2.467122519121380364e+00 1.471836766691470455e+00 1.502425007901385445e+00 3.998098556762639255e+00 5.730385013148652007e+00 1.172277035174496690e-01 4.540163897884804678e-01 8.419033098743780030e+00 1.717683671058196637e-01 2.939454674889592667e+00 3.339079085707196137e-01 1.066671819130935311e-01 5.535039769397894771e-01 6.114735290026531711e-01 2.920607391344247628e-01 1.862144210562274582e-01 1.011955414815418226e+04 1.539956846694236390e+02 8.885527157955630173e+02 8.969407720216267421e+01 7.824238974243942835e+01
8.076297314046214648e-01 6.266867420413600342e+00 1.557371275577592140e+00 4.329880950261681960e+00 3.552076656101326169e+00 1.384024758796911225e-01 6.566193825694528474e-01 8.011209140013120233e+00 1.049405783433132178e-01 2.093177596271057261e+00 4.793732269028393445e-01 1.088744428893834992e-01 7.701764748712949249e-01 5.357696207334086136e-01 1.540722049291633755e-01 1.206364178464862241e-01 5.148822507076013608e+03 1.950076813245921983e+02 1.283542651367597864e+04 3.561092473395714819e+01 6.107769813522035918e+01
8.444395885730149320e-01 7.325431544552335694e+00 1.531055431887746066e+00 4.699181573640231591e+00 5.400314763700805543e+00 1.242401282398294393e-01 9.032461556567557004e-01 6.588714341474878999e+00 1.399551493905232258e-01 1.301568087597842593e+00 2.939923614166066734e-01 1.423803890876007006e-01 2.197972155781504622e-01 8.278663090156719306e-01 1.240450809478490790e-01 1.722430231066660045e-01 1.286883226075441416e+04 5.894136546775230556e+01 2.912299604186176111e+03 1.853564527566807669e+02 1.559729892633516215e+02
1.659374873813351137e+00 4.312113601441907917e+00 1.327124561712941020e+00 5.419637998659241340e+00 4.210170517978230720e+00 1.801002151441634391e-01 9.291249418980030983e-01 6.039705038397367609e+00 1.733012490727940391e-01 1.647258515545505730e+00 3.591052563084631277e-01 1.140189008891392825e-01 7.979248143744361865e-01 6.865773126429915996e-01 2.972635298379369684e-01 1.074147198810195131e-01 1.231735883474323236e+04 4.006979611308682365e+01 8.438115773942874512e+03 1.292397497217111777e+02 5.013171954369743588e+01
2.756355672455469197e+00 6.287216674420024631e+00 1.990903549964556207e+00 4.433007556378395719e+00 3.692281147503182037e+00 1.460710137757217086e-01 9.403632276371657328e-01 7.689698533018609616e+00 1.297842216356157596e-01 4.118805621708813702e-01 1.115539511507649129e-01 1.341884237366751664e-01 3.758356758629056715e-01 3.952259113427830650e-01 2.727986781205002931e-01 1.036273760172834735e-01 1.214004012003070238e+04 1.317057511352923598e+02 1.242927131603659836e+04 1.307959430112737493e+02 1.483410455638808685e+02
1.059122606395614064e+00 7.235299708156480492e+00 1.062227572803073228e+00 5.148263160850217623e+00 4.071802561644447316e+00 1.949402873363469957e-01 8.139762768703865392e-01 3.992064200549768405e+00 1.896081056763296580e-01 3.217498237701245656e-01 4.747029651502271408e-01 1.260184463638890362e-01 2.495898981869573985e-01 5.976354787463045160e-01 2.415414477864271103e-01 1.354228071009227485e-01 4.806055648384786764e+03 4.837162297848816905e+01 1.265427582230644020e+03 1.901182871784434099e+02 1.583204808817577600e+02
1.028507113282006502e+00 1.850146787803057080e+00 2.507949088236889779e+00 5.680561832499188668e+00 3.621985153925318723e+00 1.306714559281000054e-01 8.699478975576498962e-01 3.199740633899196496e+00 1.430543930974655653e-01 3.540454474402014995e-01 1.110189245827288840e-01 1.068335674152464249e-01 2.832446749540080688e-01 1.222070991745616564e-01 3.985070876147255303e-01 1.958005788715140028e-01 1.867542266819224551e+03 9.908279109588096389e+01 9.879224823995225961e+03 1.338258868806213115e+02 1.998253308308629528e+02
2.036792357701022738e+00 2.943107851433393929e+00 1.517787131567437164e+00 3.759279347331134780e+00 5.594457441874535419e+00 1.514174267872538948e-01 3.018395152208713794e-01 8.141509413359337088e+00 1.256979861781318264e-01 1.097935725011595087e+00 1.133719581402318488e-01 1.472648294255676782e-01 4.628277592262527440e-01 1.965710853018362569e-01 2.363825950979139279e-01 1.461523718730852184e-01 2.010077087981809200e+03 5.557250989087839343e+01 9.609730390917069599e+03 1.174025547749126872e+02 1.638220747860949587e+02
2.408034635998179684e+00 1.609768961258651876e+00 1.145464914081856245e+00 4.488286527180344265e+00 5.893641188729295877e+00 1.212044916543124490e-01 2.760652803188932136e-01 8.602897976499042088e+00 1.528733275535499869e-01 1.178086012657590054e+00 1.538531173943578634e-01 1.454121754962041657e-01 6.450488829204100716e-01 7.170223158708552980e-01 1.828407206061986867e-01 1.113441656748205277e-01 4.659775871266963804e+03 2.479618580496829452e+02 1.014195729331785515e+04 8.127462677105529565e+01 1.700917721167285208e+02
3.081288827265812991e+00 6.039589827818270251e+00 2.781095346250292089e+00 4.322457994922495494e+00 5.588454689489577909e+00 1.603704062851305789e-01 7.687872118570924229e-01 2.084851293308122244e+00 1.591362497826113998e-01 1.389248087869913162e+00 2.873285528126974797e-01 1.147405430156133166e-01 8.199459624936619173e-01 5.851875669666072310e-01 3.670880687828318445e-01 1.528963151143319099e-01 1.923769575825379434e+03 1.709706771649157702e+02 6.101119434257230751e+03 4.675646099465411965e+01 1.763871440842220579e+02
3.122107765858084250e+00 7.060894338026340478e+00 1.673134465797231352e+00 3.216349125529636144e+00 3.268316842911046294e+00 1.098288990764043765e-01 8.246960632149541448e-01 6.512496914078535148e+00 1.913570957835599162e-01 2.734611602038964140e+00 2.208325864222159818e-01 1.251349688671375970e-01 5.604114504120299989e-01 2.042264966202973764e-01 1.057975759063810722e-01 1.704303368741099667e-01 9.810916531777542332e+03 2.907472567930913101e+02 1.407526564756774405e+03 2.530532399332560800e+01 1.160933703560578039e+02
2.202698414247737269e+00 6.580819446207229362e+00 1.781079505395303020e+00 3.166724832719293836e+00 4.256814775827680641e+00 1.188347832369262141e-01 7.980651660313385909e-01 2.665574652426230706e+00 1.963372408185845297e-01 2.897603009007883479e+00 4.104747169813971475e-01 1.265313543433173593e-01 9.821407629941901751e-01 5.311527790475197852e-01 1.557224175621680362e-01 1.759888367016270438e-01 1.394170379776097616e+04 2.595530132955667568e+02 3.613682207426003970e+03 1.170935955832255502e+02 1.177427515723607456e+02
1.422110493817155374e+00 2.953711572668488827e+00 2.988692815799256053e+00 2.045591014823511689e+00 3.643417097796881166e+00 1.127489701241851938e-01 9.862253481551143119e-01 1.364303097439885537e+00 1.178093258734182053e-01 2.951294960580258753e+00 4.623721740242465739e-01 1.053312081818239404e-01 1.064764592817814826e-01 6.559103839692348448e-01 1.656205865660840826e-01 1.414286175655131705e-01 1.308567670785861628e+04 8.547516570260518165e+01 3.140858054679037195e+03 4.393977665999060633e+01 1.878422032360224421e+02
1.770042991496772133e+00 1.839314262549577750e+00 1.286645960280980772e+00 4.695883392666763356e+00 5.147705091193150118e+00 1.373456835064193748e-01 2.167011149052143759e-01 8.928454198119435858e+00 1.172000887116316364e-01 1.905530809237815815e+00 4.298151817721349577e-01 1.300570231875075589e-01 6.640800691815155199e-01 5.269886760298384543e-01 2.742268542328791803e-01 1.054993034353989279e-01 2.855438210746433924e+03 2.678465070698918993e+01 1.102805460031113944e+04 1.205752187109420532e+02 5.514015641946856761e+01
2.825462199881796366e+00 6.951117382943440504e+00 1.916807710075160820e+00 3.589334384539476730e+00 3.796137890533352710e+00 1.336311684646188103e-01 7.338867242907450850e-01 9.361248178564762767e+00 1.168059696235265732e-01 2.611491530881140832e+00 2.664856310391729988e-01 1.221192821160367037e-01 4.340404708402387790e-01 1.409043745768915057e-01 3.723286194695619722e-01 1.079259889528428190e-01 6.366517425412635930e+03 4.415229260904464326e+01 3.668233375117083597e+03 9.199244868075280124e+01 5.160255400562866868e+01
1.567854957616300782e+00 1.408079440672482363e+00 1.111991103563663597e+00 3.821694065906308335e+00 3.163727157884676622e+00 1.950550773060086562e-01 6.432016539605948102e-01 8.272547824619943313e+00 1.198144384280116770e-01 1.501272494626991305e+00 3.625321803287094857e-01 1.173611271533808315e-01 3.000009918955574006e-01 1.462644423891934220e-01 2.509476772408308909e-01 1.644216618885169512e-01 4.181492401816974962e+03 2.118635717069402631e+02 9.239321276686394413e+03 1.279837641724164001e+02 1.216529877362715268e+02
2.192833093920120824e+00 7.608013822220309308e+00 2.478001696770703255e+00 5.652919729584914066e+00 5.421345033979127592e+00 1.077644377349720461e-01 3.801616479921438030e-01 5.610774653151302971e+00 1.704918666322176590e-01 2.011094149812729270e+00 4.281097571265259916e-01 1.380638345913906828e-01 7.523175898847511700e-01 8.199473266996208931e-01 1.096381430744446106e-01 1.417433605529648255e-01 1.252660482373265950e+04 2.062743997713732469e+01 1.089301986798987309e+04 3.324316885937378885e+01 1.629517450367166589e+02
2.984395583223092174e+00 4.780894365957152559e+00 1.864125793907160933e+00 4.673121739719346301e+00 4.584272339463188572e+00 1.861081073660074414e-01 7.818559262867124104e-01 4.314630508571215550e+00 1.790337016451006569e-01 2.335904516691351684e+00 1.289099160211247264e-01 1.322557172976889794e-01 1.165521861898094341e-01 9.657741240925639126e-01 1.782913950278197934e-01 1.276667784385409066e-01 9.790708157737020883e+03 2.298579116254765609e+02 1.034023971764519410e+04 1.081870985915348484e+02 8.257104749299588775e+01
2.399607663470507024e+00 2.459962831455459131e+00 2.722756698703969302e+00 4.475156425680257399e+00 4.637682526732336719e+00 1.697299349189132778e-01 1.507018947080495663e-01 8.987780544460505894e+00 1.581470147118233527e-01 2.196134294644771945e+00 3.647947569766769593e-01 1.080772122090762621e-01 4.455020851361505274e-01 8.056021622321916098e-01 2.831975148961848321e-01 1.601364267445685441e-01 1.100062906942466179e+04 4.919558574878315227e+01 9.382342408893728134e+03 1.686053901706069666e+02 9.866206320087701442e+01
2.582501975686863460e+00 5.698606888537387505e+00 1.050744981562117486e+00 2.375657093283496835e+00 3.014623382446908195e+00 1.058182427582124996e-01 6.875465030106030495e-01 1.748296978756365805e+00 1.548870212265406332e-01 1.784682747334008113e+00 1.185621528270184577e-01 1.016887318638333981e-01 3.279223487349893773e-01 6.921735744997847828e-01 1.661393408700058139e-01 1.396368576866995337e-01 1.136044812623681537e+04 1.232317062043597957e+02 8.705431238113740619e+03 5.366205713220399787e+01 1.896686756608166888e+02
2.780117949580001913e+00 3.652259665731612426e+00 2.068053217237149077e+00 3.244481692299170827e+00 4.181300345340994262e+00 1.013159610361565183e-01 4.147650903012742862e-01 2.299090682927812157e+00 1.068359404215107611e-01 1.101501355779943347e+00 1.563984689270122574e-01 1.237060399513041087e-01 4.912838466063285114e-01 7.666015439883943072e-01 3.747821313065456961e-01 1.551204811409185591e-01 1.145739680925599532e+04 2.658759073450722781e+02 9.274261227972252527e+03 1.539172633715627398e+02 8.083577158322508183e+01
2.814822701160360374e+00 1.593201723918481250e+00 1.439709931392219255e+00 2.437353620679338917e+00 4.808157000777718793e+00 1.170159945906759924e-01 7.864336837026129068e-01 9.068361161812143578e+00 1.655624608891857197e-01 2.067292112591105457e+00 2.787262895931994500e-01 1.489498565338153724e-01 3.741454497285754410e-01 1.913882379166922387e-01 1.727151138976042444e-01 1.607339653222079612e-01 1.224898320925912049e+04 1.477386224350584598e+02 3.747080880886562227e+03 8.350558614838746507e+01 1.146260718448282176e+02
1.261802309328026395e+00 3.976393230581662941e+00 1.840463637594855761e+00 5.543765410833870533e+00 4.795276912365592281e+00 1.388467810353683496e-01 2.961885307250862187e-01 3.093571224628412608e+00 1.116472121272970297e-01 2.536166243276532839e+00 3.595493953156635447e-01 1.435301356934435002e-01 4.356325048058824478e-01 3.987625690956670965e-01 3.068772109290562322e-01 1.549102688877231349e-01 2.356230288536694843e+03 7.684395987403304673e+01 3.940148227106379181e+03 1.182387908367596054e+02 6.723328361524383467e+01
2.214824627472726792e+00 5.518879945478278870e+00 2.104904960298610739e+00 5.408604262260499951e+00 4.831604747840737346e+00 1.158583895301707190e-01 5.850684989973440331e-01 7.761132522106032994e+00 1.646528457875257034e-01 4.665395034855761569e-01 1.723688194351293002e-01 1.293727586947322761e-01 5.903256042675546489e-01 5.416368166818085195e-01 2.349710352518094847e-01 1.369563350618331898e-01 1.090935992532584532e+04 1.346672634633538337e+02 1.285143797809730131e+04 1.255948736169146969e+02 6.590314415117239832e+01
2.314037741783023350e+00 2.838539633715593258e+00 2.580348384226171632e+00 3.427591081460621858e+00 4.853048313378586442e+00 1.540266314521423485e-01 7.540913520715076812e-01 6.555551362387038061e+00 1.578299933399617827e-01 9.673182012767613802e-01 3.605360448080554558e-01 1.026674586012721047e-01 7.320591454579757906e-01 1.317263818137537346e-01 2.481592672872966476e-01 1.807784704296054867e-01 2.379246936054292746e+03 5.882593278398493197e+01 3.277444998493963340e+03 6.302031708699293233e+01 1.652745957244797523e+02
1.206622764770767908e+00 6.792253114841608763e+00 1.076602536394810850e+00 2.948007996410883180e+00 4.092398407907925417e+00 1.000608841561624746e-01 2.111598633123832891e-01 3.585256757894786261e+00 1.762869021432640071e-01 6.539938277567736158e-01 1.225878421684704761e-01 1.439077045952881773e-01 7.547579556786044863e-01 8.969488461333243734e-01 1.644473462059183322e-01 1.339296681463846284e-01 1.060098956855918004e+04 1.903719659225731959e+02 1.232921853029878548e+04 1.907211348351441700e+02 1.929598091043007742e+02
1.456563600052447560e+00 3.325246512916877339e+00 1.592908439834966883e+00 4.564217579999014340e+00 3.029027064696138805e+00 1.583303946940720353e-01 4.297036712211502740e-01 3.490635141181399170e+00 1.650779119159541120e-01 2.420899952315156867e+00 3.377911086914627825e-01 1.248638640092700203e-01 6.963062594668790739e-01 9.969661075513391868e-01 1.548404784682237412e-01 1.016804882645290786e-01 3.817875753705103762e+03 2.584607159398958487e+01 7.696079523963154315e+03 1.827662479703586484e+02 1.486074746404273128e+02
1.923044298603511670e+00 5.576829890047811489e+00 1.379060634891781989e+00 4.114605543900552220e+00 5.535423819161424674e+00 1.940497466002133464e-01 8.563347046133664708e-01 9.472333386350200612e+00 1.204710991932010922e-01 5.191808653513342309e-01 1.418061387277047003e-01 1.352894570610393421e-01 7.624007444272934420e-01 9.780195080780581529e-01 2.949208036404808442e-01 1.875031316090693956e-01 1.361469094195512844e+04 2.952586840967127273e+02 3.332676337666041945e+03 8.652867063352992716e+01 5.337695137302278425e+01
1.808246373878884095e+00 3.764280255569293132e+00 1.987731525574948588e+00 3.857716396101671386e+00 5.781707553941467737e+00 1.261370594163348791e-01 6.253935600817260854e-01 6.429988621073378319e+00 1.439538885851377736e-01 1.797743749315352524e+00 3.170304820714247018e-01 1.421985414436653383e-01 2.957746339961337956e-01 8.530028239517614130e-01 1.319581097243014145e-01 1.630451854978884341e-01 3.658874523796475387e+03 1.408242799448596543e+02 3.494237267274443639e+03 1.536040641762961343e+02 1.137103591472219080e+02
2.110218798941187579e+00 6.464796557154880219e+00 2.405558436840482983e+00 3.369006251021764875e+00 4.841982041289988103e+00 1.163945840896281753e-01 3.908069160220352112e-01 1.920176085081618300e+00 1.187708359917965251e-01 2.111123528794113469e+00 4.552217358202415021e-01 1.481947403883158154e-01 4.606107370596004280e-01 9.732660691631311867e-01 3.504029658633657229e-01 1.507794781440141563e-01 1.430502327233812503e+04 2.156724039550071126e+01 3.203002013086418174e+03 2.851536662642521947e+01 1.273301845613640779e+02
1.234260843856328727e+00 7.115102579476095812e+00 1.443812577122085550e+00 5.564016008362150600e+00 4.312921246472796177e+00 1.524771849914709487e-01 1.902637475039407056e-01 4.226819991119764808e+00 1.696343547367330229e-01 7.987395340142230404e-01 1.136089643082699996e-01 1.029204519216812830e-01 3.611962693910270028e-01 6.213676057962582711e-01 3.203958779568341075e-01 1.615491714150973923e-01 7.389459108128015032e+03 1.393776297838368805e+02 4.398770193516014842e+03 4.794936105529986037e+01 1.198467587153079563e+02
2.874524914465980352e+00 5.216499830652061576e+00 1.664926278045572250e+00 2.302942689683121102e+00 5.141945868158311228e+00 1.813872817283988803e-01 7.778086854636481196e-01 2.262488067515444623e+00 1.102287206457754215e-01 9.177414032438893088e-01 1.917148978407781645e-01 1.416909255670435741e-01 5.617586777047657298e-01 8.312908239052311243e-01 2.829879584988884700e-01 1.490081788553772046e-01 1.017904289686324228e+04 2.506417688988821908e+02 9.374329049126185055e+03 1.836910208626753160e+02 9.362956346027158361e+01
1.943487376573666658e+00 4.221021015426340561e+00 2.533949499006042494e+00 2.148892672734961984e+00 3.626620640423993791e+00 1.807926325996805084e-01 3.731433412882637635e-01 9.646625373711261275e+00 1.593151708417270829e-01 1.316096469043870787e+00 1.150062777770838873e-01 1.395352239480796286e-01 1.333685718137828380e-01 6.537140902079822125e-01 3.101161605648140585e-01 1.808606412740235980e-01 1.283809065541474047e+04 7.084326561413885770e+01 6.002679626258132885e+03 1.030344972425898646e+02 1.988215232330417450e+02
1.572857456068807558e+00 2.340658375503581023e+00 1.691941737835439774e+00 3.931997697591598673e+00 5.039716108210038570e+00 1.704053912475734234e-01 9.272477265090500742e-01 6.779688094104066920e+00 1.879401043556708228e-01 3.837908735270846305e-01 1.041222342821385288e-01 1.292138768144398542e-01 1.983616494739724456e-01 3.413676747784496479e-01 1.527310460483083110e-01 1.453720615492793411e-01 3.546323423573195214e+03 5.166255286819409065e+01 1.046616436807795435e+04 1.011317860127579991e+02 1.092098714776668800e+02
1.190282661340539949e+00 1.871457378881572930e+00 2.851543080004132591e+00 3.778141992675005945e+00 4.442259284974387157e+00 1.286131864851610129e-01 8.015072124124552611e-01 9.764541272663040061e+00 1.631566781934940813e-01 6.667454841589859349e-01 4.090420976747679571e-01 1.008973712040033693e-01 2.890957342750740677e-01 6.386938740458918407e-01 3.569318561841463566e-01 1.680794974103498873e-01 5.786736836285018398e+03 9.603284489427151982e+01 1.203308382985643948e+04 5.614401942825820413e+01 1.211139506657559366e+02
2.723404106684814252e+00 4.807912712286169565e+00 2.204977843779651447e+00 5.984813759770624131e+00 5.467136101820381455e+00 1.661964427008841838e-01 5.126341932108987587e-01 4.884757709218449762e+00 1.216398010249929718e-01 2.233849723664944609e+00 4.560347418398636998e-01 1.360745590080838507e-01 2.080246596943550186e-01 9.098009404649359810e-01 1.163540634985319733e-01 1.677912270965609132e-01 9.464363814752969120e+03 1.439081677433204050e+02 6.574920787643893163e+03 1.619424417034690862e+02 1.142033368336925179e+02
2.121593774897704066e+00 4.406959300803986679e+00 1.924325375608468836e+00 4.896099407094036238e+00 5.442399694031701429e+00 1.061252321178242780e-01 9.025025379442119799e-01 5.476573793542031332e+00 1.073106939936128296e-01 1.032809189790328874e+00 3.968567976629495675e-01 1.213143483970271219e-01 6.377940583346177750e-01 5.590284671163875396e-01 2.048456470792841544e-01 1.679107250798799744e-01 1.022113927663013419e+04 1.011775710043854559e+02 9.697389306478782601e+03 1.884930665676045010e+02 9.650129371327813033e+01
2.366560015011547780e+00 3.720451057541529494e+00 1.097881769921329465e+00 5.697707651626942038e+00 3.246751743255643419e+00 1.718094772382471325e-01 6.641670490095306079e-01 8.782506492032235101e+00 1.191763050816045250e-01 2.085724911969155215e+00 2.840535666929943082e-01 1.429572566044670368e-01 9.870819311175341726e-01 2.642806308044117758e-01 3.367749363036973698e-01 1.931217115262726935e-01 1.145670116443282950e+03 2.963806667369607339e+02 1.258669702330350628e+04 2.549360903508507903e+01 1.682764133999502576e+02
8.933923668383308980e-01 5.591596631345797874e+00 1.586551625855779468e+00 2.023577621846138985e+00 3.406751277560440272e+00 1.316461074951733590e-01 9.949524884097363797e-01 9.562284814529380839e+00 1.670247469768181836e-01 2.059038618541963572e+00 1.807617600086109944e-01 1.299475002005246738e-01 6.692621001517731205e-01 7.893260465768061618e-01 1.313330555752484641e-01 1.121405607613276123e-01 1.313047931857599906e+03 9.828401392796983771e+01 1.193361675321304392e+04 1.791500369084893691e+02 5.226145418034325019e+01
2.640137609768960836e+00 7.213991221700453593e+00 1.089935818614730545e+00 3.597689336343823374e+00 4.017541195181692615e+00 1.743597061506975687e-01 1.270727815917352399e-01 4.849108189458393170e+00 1.126029789034403567e-01 2.704750466705333256e+00 1.959109118248726356e-01 1.428098588036085248e-01 5.765681599920100542e-01 5.631969185868835881e-01 1.195871603226719704e-01 1.176869149189654767e-01 7.956560301282005639e+03 1.353637882876678873e+02 4.944833768017289003e+03 1.950066811313059532e+02 1.264623109533492453e+02
2.018359079369564935e+00 4.550284933275384525e+00 2.248195455648958951e+00 4.828472944184369453e+00 4.446646946330513828e+00 1.476564405901850952e-01 8.055584353572063927e-01 8.072782119446362259e+00 1.713500941600750171e-01 2.739703030232016445e+00 4.580729124519885564e-01 1.009069422911339498e-01 9.526305862491823984e-01 7.029542488569159309e-01 2.620631407179210282e-01 1.777876920610054201e-01 3.904763463486196997e+03 1.391673597915963683e+02 1.069455923017063651e+04 3.112524038535900317e+01 8.017858439959208283e+01
8.900045692583302692e-01 3.291825965086097483e+00 2.411328684398074795e+00 5.515311281742389937e+00 5.813131667567123628e+00 1.564601407137376499e-01 9.647541634022147594e-01 1.836365470564116142e+00 1.618429447267987209e-01 1.269836995454293405e+00 1.830801054715803511e-01 1.124694927151607959e-01 6.712602278117504317e-01 2.684051655599908326e-01 2.132143842829108960e-01 1.330616777263601280e-01 1.491977520379324960e+04 2.842682074381525013e+02 9.314263385875497988e+03 1.475632456253561031e+02 9.318479564906967028e+01
2.103278816758980430e+00 3.476802504534870941e+00 2.568321483979502773e+00 2.887546674734902119e+00 5.248911717508970121e+00 1.855121482351583528e-01 5.499843525260388333e-01 4.287225022620209991e+00 1.851784067077195395e-01 2.206666970267813443e+00 2.527707652429954654e-01 1.177497796562517601e-01 2.439062501534371707e-01 9.153616725429255530e-01 2.251123328458206341e-01 1.837983133823374304e-01 1.096025081436044638e+04 1.425017762659587390e+02 1.141316950426161566e+04 1.344415570621801237e+02 7.420784336139278992e+01
2.705861625392742997e+00 5.914304598626271670e+00 1.228370787150927290e+00 3.034479852416097856e+00 5.434591837377726442e+00 1.993188880619875258e-01 2.920618017514208797e-01 6.118848965604182233e+00 1.523566637160539139e-01 2.818828803616155287e+00 3.802835335048858623e-01 1.487699638418177317e-01 2.978073895722965214e-01 2.933553006114349437e-01 3.904554646262046180e-01 1.442730472545785958e-01 1.260403675773375835e+04 2.164334844436446588e+02 8.025602970694763826e+03 9.101498014238671885e+01 1.867976833907118248e+02
2.162593274262689214e+00 6.446218461347008599e+00 1.697062733416046409e+00 4.578744657289587572e+00 5.697234792764144018e+00 1.496889944477201861e-01 5.029476014093690051e-01 2.720097627914315641e+00 1.707885823664404557e-01 1.970059635435823298e+00 2.227468960656232566e-01 1.149585503565712652e-01 9.494510356237251258e-01 8.389377458466412696e-01 2.066424853862296185e-01 1.028291300661448998e-01 4.116272604394247537e+03 5.326723708596734497e+01 7.592157664671221028e+03 6.523116443898047123e+01 6.953003516203362722e+01
2.136623396985728007e+00 7.659721987627875706e+00 2.526236954374299959e+00 3.926276435669659115e+00 5.879806162741439302e+00 1.111244434376149615e-01 3.427414547124570943e-01 1.982483487300963132e+00 1.470427595248289809e-01 2.530590569844626714e+00 1.587163192446697790e-01 1.229564225060689464e-01 8.703235567683799134e-01 4.891826217039452196e-01 2.078152981083502548e-01 1.292738110081192993e-01 1.408778647062838718e+04 2.983189649367871539e+02 1.145248729898008423e+04 2.601322222172241538e+01 5.750677081021617454e+01
1.178085312894864067e+00 1.889169580628669465e+00 1.972366731106621085e+00 4.991968939663841809e+00 5.113896852717986441e+00 1.942695770312427572e-01 5.303794567861634945e-01 3.296508727260020866e+00 1.626480872767120389e-01 1.381132014673904118e+00 4.821321116743784163e-01 1.346593272054079915e-01 4.583878954792715010e-01 2.315173634792520030e-01 3.848334049131053591e-01 1.797970020370810440e-01 1.321200241366424416e+04 4.680672672518545596e+01 7.559609590854983253e+03 7.452590282880603922e+01 6.061446514210109626e+01
2.071037431811660667e+00 4.602364324918845284e+00 2.521399466295950020e+00 5.739058863717748871e+00 5.005687913912163722e+00 1.886132083195196374e-01 8.637319055841530258e-01 4.112822212378189235e+00 1.341905699518764206e-01 2.854910404715574668e+00 3.153873876571203771e-01 1.432606859406272692e-01 4.775687018196247413e-01 3.699955113669265439e-01 2.595138300043721702e-01 1.056653676376000939e-01 6.200908365213007528e+03 1.627008107988655468e+02 3.554250485698358716e+03 5.842337249066183347e+01 8.373526793718195904e+01
2.728308401997399102e+00 6.965281986279132198e+00 2.086504375209857542e+00 2.216062836503349676e+00 3.934745052072309957e+00 1.692391497597157124e-01 2.445973124702726931e-01 1.418098651351789696e+00 1.831447735493627327e-01 2.719353905137080751e+00 3.007491573229675863e-01 1.186840025630457596e-01 3.946821276567666903e-01 1.885427211937809600e-01 2.913401953803916866e-01 1.860629791681881473e-01 5.606011896924449502e+03 1.026076638860302808e+02 4.079988471545963421e+03 9.623671203968014254e+01 1.341133814557495327e+02
1.983628318927741718e+00 5.809623476476566850e+00 2.907750145052308000e+00 2.413793325243571708e+00 3.069872753878557514e+00 1.352381735185523015e-01 9.243459064813901449e-01 4.590431996131137282e+00 1.564678799832820155e-01 9.405019273338428576e-01 3.303455183945175344e-01 1.386310089542368562e-01 5.736743785721321043e-01 9.135829879912694684e-01 3.273703809343158078e-01 1.749276510940208640e-01 1.476475739357754355e+04 2.486245908128525457e+02 4.327479745394993188e+03 1.911262257339007817e+02 9.470488127683469770e+01
2.911266442795383824e+00 1.910199252787010193e+00 2.264066980702858611e+00 5.777643481776771672e+00 3.683658371198183179e+00 1.064923151286145536e-01 2.012431456694279697e-01 7.323363020062560125e+00 1.724052044592973010e-01 2.189132609341586821e+00 4.676510272941625246e-01 1.400377303866533474e-01 6.867504501078049994e-01 5.176994233259901712e-01 2.569242135793664561e-01 1.757328835423472013e-01 8.010839333325616280e+03 1.064117318216536177e+02 1.128451349457902870e+04 5.823227317969715244e+01 1.538693476330888075e+02
1.275954481822722641e+00 7.802831065757715123e+00 2.488635746358789369e+00 2.291744653257819841e+00 3.744087322361211001e+00 1.574816359726586845e-01 3.403434429052302201e-01 7.852902303815063156e+00 1.024151104753101282e-01 6.706886356889083523e-01 3.487019755184580516e-01 1.021750948234606965e-01 5.946852114711824733e-01 4.664219347901693569e-01 3.059378581762028371e-01 1.004852834468083905e-01 2.341922261438488022e+03 1.287596344830635644e+02 8.501387373423145618e+03 1.554323143733026313e+02 7.976153746373171316e+01
3.185967933266133478e+00 5.568593938871670090e+00 2.226757226613829133e+00 5.307029251797096059e+00 3.143331429408645850e+00 1.020844612098355253e-01 4.949078454555626561e-01 8.228939897367467893e+00 1.477233557795481211e-01 1.187256358999861927e+00 1.028488937398207709e-01 1.355978574869253495e-01 3.197624055061534798e-01 2.334169859220720789e-01 3.427125140210014465e-01 1.468843594705759592e-01 1.398709615087118800e+04 1.128657020748648421e+02 2.171357759221765718e+03 1.916707482404167990e+02 8.934221247688093115e+01
1.678908129961552476e+00 7.015211354638120511e+00 1.217721353791584527e+00 4.213573396979439778e+00 5.829436043472204787e+00 1.863883405363654100e-01 7.845318047454157284e-01 8.088809508015469163e+00 1.657038181906189123e-01 2.147488018496374718e+00 4.211498527972203920e-01 1.148775750154715641e-01 7.495048765283471859e-01 3.799792863649877894e-01 3.918216928522609832e-01 1.613618075846569022e-01 1.011902518390513023e+03 1.331877764951173617e+02 5.582867636853715339e+03 1.353516861985564503e+02 1.757760880132027523e+02
1.716376592762393960e+00 6.817600084557508211e+00 1.368212205450402008e+00 5.012126279192443690e+00 3.258059046094072375e+00 1.553706154355288249e-01 8.365502377040948678e-01 4.126563834869314107e+00 1.155156132329912821e-01 1.367078330401476860e+00 3.105590629055894336e-01 1.151661238342785998e-01 2.123116932476174223e-01 1.506915803459574210e-01 3.077022906006993130e-01 1.711403285379142769e-01 3.871241360392985825e+03 2.609287424487213229e+02 9.242002630038675761e+02 6.752564439965860288e+01 6.021188472511772716e+01
2.731960578806891693e+00 1.696952271698017434e+00 1.433609411603743666e+00 2.243178026964865346e+00 3.713909703102239668e+00 1.716608472062666757e-01 3.378180271197742668e-01 8.454922812760724327e+00 1.353557991080951983e-01 1.136442494284875426e+00 1.507673049736365234e-01 1.108623464488982246e-01 5.189753180885267048e-01 4.531196492342929316e-01 1.222834755789824618e-01 1.179603189580991640e-01 3.467015730725957837e+03 1.654696261176207770e+02 2.005377997217624625e+03 6.215204970264725404e+01 1.659367654620877488e+02
2.359036979748784901e+00 7.278810841366494699e+00 1.241866550272526570e+00 3.248381848688992601e+00 5.346744842925608587e+00 1.156602519820332520e-01 5.674099867878666936e-01 6.330797727059906066e+00 1.680204851673465227e-01 4.856054392774915573e-01 2.609239865132295666e-01 1.015540298481395487e-01 3.475813522622528406e-01 3.769346025506034037e-01 3.589439246588479460e-01 1.623416268803113405e-01 1.031285521411030095e+04 2.369578064973993321e+02 1.083654331492061283e+04 1.755222571695170757e+02 1.077735988062308934e+02
2.030002440233802830e+00 7.388139995352885236e+00 2.861861515432232661e+00 4.928147660951904818e+00 5.837616538963092516e+00 1.926870548582201859e-01 7.364678534523318998e-01 4.930180779904572930e+00 1.085656668541595260e-01 8.394719009115039210e-01 4.720304268441000151e-01 1.075668717603401603e-01 9.995598765222113435e-01 1.065956072875937910e-01 2.188759506611904493e-01 1.394022991008264933e-01 4.531158216392293980e+03 1.433594393337176598e+02 5.497618409212321239e+03 8.280627853388428150e+01 1.656821169156733617e+02
2.085097020636089038e+00 3.964325484008364597e+00 2.293427104726990517e+00 3.048476808170587748e+00 3.320180171742307174e+00 1.371631954443080226e-01 8.146732791368913595e-01 5.638180884344741628e+00 1.414861796311976117e-01 1.595256917350666548e+00 2.530146758948765839e-01 1.448141019812014263e-01 9.733745579616533972e-01 8.915943472414473714e-01 2.676610220977498900e-01 1.386700224090365030e-01 6.105871143566470892e+03 7.746350153150646634e+01 8.614481557920775231e+03 2.766580432800728673e+01 1.311208443315338741e+02
1.893829635371304221e+00 6.171947741147819855e+00 1.481197714989143543e+00 2.566346017313936745e+00 4.091286148237490039e+00 1.375187281482120050e-01 4.262155993039156154e-01 1.621850707967243732e+00 1.214309769947925777e-01 7.878529811596088894e-01 3.272162954995017081e-01 1.114403500530609381e-01 7.612041678234867659e-01 3.283706189652869645e-01 2.427562805350465813e-01 1.841872799997797683e-01 1.112295974277750429e+04 3.663084999082150262e+01 6.436488185961990894e+03 8.447431531792985027e+01 1.168376512583564590e+02
1.489058583302787397e+00 6.784964375787131630e+00 2.373843222865576585e+00 4.372919099758653338e+00 3.103202089546008846e+00 1.844446068295379770e-01 2.434746924468285945e-01 8.830040472698957643e+00 1.689223872996636344e-01 2.886011914544028389e+00 4.633899019719537327e-01 1.399898703723762294e-01 9.940829940019595412e-01 7.472173448289155528e-01 3.529528174636971105e-01 1.871285159992544800e-01 2.501556777771254019e+03 2.322084498646518682e+02 1.278296768711810000e+04 1.923230569999537920e+02 1.295704107562450531e+02
1.090293925902654504e+00 4.254993000964137018e+00 1.382518166739077570e+00 3.025066320769172812e+00 4.279483566795037497e+00 1.599791891103826413e-01 5.696253687461878545e-01 7.288074762714241039e+00 1.006233076620604433e-01 1.208643667754811135e+00 2.421957032259258735e-01 1.222108788567425747e-01 2.847664679115342601e-01 7.756612295106107835e-01 2.651405716954696179e-01 1.746173712293220825e-01 1.170415571844541228e+04 2.086926483955566596e+02 5.721124354961568315e+03 1.089930434357094811e+02 1.947811944696777857e+02
3.004488923929473643e+00 3.183541942154255899e+00 2.183800835919860184e+00 4.268689739935963345e+00 4.149432286415835058e+00 1.677107984215303604e-01 3.195716353103751350e-01 7.503305627996974536e+00 1.600927490742839465e-01 2.844635347036199580e+00 1.861589125458125993e-01 1.128669737002327006e-01 9.431435694216403487e-01 9.359536761831946938e-01 1.345773918898327814e-01 1.126351191539428365e-01 1.204065165228679689e+04 3.297227800960658328e+01 5.385466350316602984e+03 1.520612906774834983e+02 1.356339395763730522e+02
1.866285367558798258e+00 5.305390085123188548e+00 2.135863072089666304e+00 3.207047481995000560e+00 4.218024265663368411e+00 1.097532627356183343e-01 8.199333548789797810e-01 4.827418927817074490e+00 1.501436118012755561e-01 9.474813975809874833e-01 4.465137031030913528e-01 1.482550335448876710e-01 6.016392614256965699e-01 9.912875617234581105e-01 3.395879851260000803e-01 1.264512073492338184e-01 6.246081301715032168e+03 2.696200560567828575e+02 6.516173899710637670e+03 4.203403128556487189e+01 1.667876559567253025e+02
1.411987942309566479e+00 4.684370073068920171e+00 2.594543431481068474e+00 5.723740390481253826e+00 4.791172420601437665e+00 1.227929007224103919e-01 5.181643933663935275e-01 4.797325669162399997e+00 1.701682838606569104e-01 1.823918116226786790e+00 2.745789045171956877e-01 1.491608174723685343e-01 7.810398225193436739e-01 5.903819449099345640e-01 1.113904117714731024e-01 1.766771825472398527e-01 4.688508308707609103e+03 2.996219438377818847e+02 2.971377893686185416e+03 1.659218340830382203e+02 1.787007014759984997e+02
1.528528019862390064e+00 7.903711916783551672e+00 2.239298106739564975e+00 5.135473115047144432e+00 5.175911107434785663e+00 1.308436500023740234e-01 2.611819155520009872e-01 6.877626022960600771e+00 1.314616597608004867e-01 1.605159873094102574e+00 2.965962112635494030e-01 1.233203462633065961e-01 7.832913042442969376e-01 8.625377286499756879e-01 1.122152297774355739e-01 1.552366396218714251e-01 1.153943061511507585e+04 1.100941321862968465e+02 1.229582040838502871e+04 1.241876544887643519e+02 1.033379962058815380e+02
2.551551498797532957e+00 6.282700014793267229e+00 1.542667991335307631e+00 4.569888460501807970e+00 4.878959232663880208e+00 1.968058850233792567e-01 5.963047133930030608e-01 4.143906428414704912e+00 1.971270375066964953e-01 1.003786865589147759e+00 2.989404524006732400e-01 1.192060688027370835e-01 9.405517797078327691e-01 9.105384437565099409e-01 3.494937334380938676e-01 1.035364805859987358e-01 8.242861912517742894e+03 1.718265649131339501e+02 1.118918822799560803e+04 1.018861511687126722e+02 1.931133294972025567e+02
2.464897610854107413e+00 6.339997127486920903e+00 1.084880580264672156e+00 3.708011722856403569e+00 3.587527663679442647e+00 1.755700483243275434e-01 5.157772013957300228e-01 6.050676590823527157e+00 1.726466908741478012e-01 9.259806873420886042e-01 4.891826349658877637e-01 1.476613111207034090e-01 4.379523794443280771e-01 2.959869010165818715e-01 3.788165634486593270e-01 1.780267868849137736e-01 7.643741050737062324e+03 2.207952392549441640e+02 1.487205072788432062e+03 1.649976550538325171e+02 1.309373481718974404e+02
2.050255569692361224e+00 1.790344336039180639e+00 2.307911676109407395e+00 2.650891436729002848e+00 5.705407452253529854e+00 1.871991809057452216e-01 5.197133566267129190e-01 3.150885385635548541e+00 1.019685645236464017e-01 1.298274073550953700e+00 3.269644165129848568e-01 1.145145619380528168e-01 7.918328897599611338e-01 5.798225897996601708e-01 2.178390788877122008e-01 1.719013756611351695e-01 7.338926043713673607e+03 3.486240452844631932e+01 1.923604179373013494e+03 1.092656282026357104e+02 1.851450109845754923e+02
1.789847684828480556e+00 2.196147155847724353e+00 1.264713724776054260e+00 4.406936811931493558e+00 3.911006520201497860e+00 1.884886525212803865e-01 1.887906001190352567e-01 8.794731930702024414e+00 1.128255319750925273e-01 1.370642403792937447e+00 1.981761101820133653e-01 1.357953699445857976e-01 4.969674790579747814e-01 1.877112377980386659e-01 2.317481183107508447e-01 1.157442489449597850e-01 1.467385716700374360e+04 2.643820855370366871e+02 1.594556899930660848e+03 6.035746234814267552e+01 7.718067577736476892e+01
2.701733930517068671e+00 4.226808637360635501e+00 1.337266369066212990e+00 4.441370189688386816e+00 4.411164886888027326e+00 1.390948260434458628e-01 9.342288979873013544e-01 4.173683015146240294e+00 1.000206079659585190e-01 1.311316375141812429e+00 1.664395152437282421e-01 1.458614439929766526e-01 5.770039135250843998e-01 6.293455745670962775e-01 1.277977965178673792e-01 1.924629574281680189e-01 4.945771308372341082e+03 1.217111680518983974e+02 2.760076479878530790e+03 1.121766717913326801e+02 1.640399480341283720e+02
1.509749487581423466e+00 5.390889065466885732e+00 2.919751909197554340e+00 5.998870422273659742e+00 4.763276536639677872e+00 1.005327270749107327e-01 5.506427911396168939e-01 5.785022919369303018e+00 1.312548325517652048e-01 9.290659473759943499e-01 2.959626851913988443e-01 1.144570519068070086e-01 8.564349822673177348e-01 9.046216315674577846e-01 2.297828320559335002e-01 1.223553743950417938e-01 1.399338447993203590e+04 9.342599062335172277e+01 6.404826456762307316e+03 2.676576548355313534e+01 8.580591972556621272e+01
1.355852017686437705e+00 5.441199662258943803e+00 1.407083879073268928e+00 2.960109463292902365e+00 3.570387604162680084e+00 1.500387930658386160e-01 5.589260275266862976e-01 3.375499909859543290e+00 1.932890990746884141e-01 2.293913748364782013e+00 1.003557349969007584e-01 1.295498220036462866e-01 6.084256173991908767e-01 9.459894128924132284e-01 3.402613903690635544e-01 1.096645639462449223e-01 8.933994857857522220e+03 1.498882802098415823e+02 1.252264232074250867e+04 1.569011034816727204e+02 9.055076185653568643e+01
2.668634479670105364e+00 4.818899430678392548e+00 1.705824277271912770e+00 2.170017268987190384e+00 3.494019107252422263e+00 1.011500061642890969e-01 2.708187780662967281e-01 4.385048788880206772e+00 1.196455986182620584e-01 1.763132404099363226e+00 4.049315375187919619e-01 1.431737929514214636e-01 8.984933152752362373e-01 2.779070173151594325e-01 2.012005629684673058e-01 1.540566703466172138e-01 7.743304744074738664e+03 2.880408035274099916e+02 4.962496788078830832e+03 6.990983248660417360e+01 1.086427907282723595e+02
1.923349584134580459e+00 4.470906227865768301e+00 2.875435033458184186e+00 4.794941836763370269e+00 3.512465821780707653e+00 1.815774219038140957e-01 3.526388540971766572e-01 8.719093606621754589e+00 1.686737971205696796e-01 1.786393888965475130e+00 3.023830065351114094e-01 1.449042449426486412e-01 2.420675301039012239e-01 4.755954927500438689e-01 2.965397132536892744e-01 1.027660727418374664e-01 7.057828463864602782e+03 2.909468165637893549e+02 1.198288404711963813e+04 7.304462700329983704e+01 6.660607457189045988e+01
1.310230442428986564e+00 7.529806742828123234e+00 2.890579942065916619e+00 2.285648846509275689e+00 3.727129298826726611e+00 1.215848517530767892e-01 4.391549527162810218e-01 4.693032542906355076e+00 1.494351309650759907e-01 1.935944757366631519e+00 2.041658462146148934e-01 1.254733851973217906e-01 2.714507927575331436e-01 4.181064591592155155e-01 2.982139407893034111e-01 1.583400542690639456e-01 8.056035586561436503e+03 2.055539567007998869e+02 5.139811269466395061e+02 1.272273155118488290e+02 1.690548447676964088e+02
2.541027284211709869e+00 7.697837094801965208e+00 2.280989716439982828e+00 4.275707231401125519e+00 3.243661175401958197e+00 1.356772940279208084e-01 5.617712961386791548e-01 5.221207239296361102e+00 1.270920269678804393e-01 2.908694747350550447e+00 3.119708378766086199e-01 1.079242657666041050e-01 3.322670281853601360e-01 9.631291423120772466e-01 3.310105235637273435e-01 1.204775408313773083e-01 8.311040494394306734e+03 2.246667842106042485e+02 7.006783604515276238e+02 3.341258794766429929e+01 5.560786462901712923e+01
1.341532948044118267e+00 1.819742014994109924e+00 1.748125421047844963e+00 4.470725763954504828e+00 4.268449598422794367e+00 1.290056181064315466e-01 4.565122739573356236e-01 2.596464650728147916e+00 1.156338489052028268e-01 6.980279739208656853e-01 1.694690206595233506e-01 1.452570484151544661e-01 6.540415834154923447e-01 3.736122326230228996e-01 2.343786470473717132e-01 1.691837400992206308e-01 1.139241742831722831e+03 4.139566765550620175e+01 8.563940408933143772e+03 8.383575597838586191e+01 1.056536589908791086e+02
9.129070372608522055e-01 3.359668611698708673e+00 1.356752415962745761e+00 5.832072015352878225e+00 3.197818288972583467e+00 1.423320416412741096e-01 6.950196229926746128e-01 4.051095495207494679e+00 1.161775559454933521e-01 2.190796773992108815e+00 4.851453241614278600e-01 1.099158476498973552e-01 6.742525852324398050e-01 7.481052739607340074e-01 1.218285826870665195e-01 1.651684019617422616e-01 1.311944973701534946e+04 1.704828070536065070e+02 2.429253947934183543e+03 1.164047582611889595e+02 1.554051907290041754e+02
1.976240009888685867e+00 7.231737308868037672e+00 1.400240810057406193e+00 4.377521633618744801e+00 5.719631161061164093e+00 1.848239227613745761e-01 7.703787459334835441e-01 2.788105989349960900e+00 1.863087532308999872e-01 2.203004162887109985e+00 3.320166299377803609e-01 1.105303524115847785e-01 7.575705499156758504e-01 2.276265425823838784e-01 3.288010784954044086e-01 1.118473919870832806e-01 1.041676477904999592e+04 1.510294846843358698e+02 5.518015096705423275e+03 1.352296779218117990e+02 9.892204756580690628e+01
1.558923820062992238e+00 7.889961392523478168e+00 2.547062322090758890e+00 5.006194881622826109e+00 5.856619335204417354e+00 1.327611752517534049e-01 5.802402499168241023e-01 7.810559226519233178e+00 1.544177674033324066e-01 2.610362921595933638e+00 4.288710088933005427e-01 1.415233403855701844e-01 6.780130797577258450e-01 3.107447362413562342e-01 2.245831917236947861e-01 1.519180481510508107e-01 3.354650386638484633e+03 1.001918408244816305e+02 2.346186946023854489e+03 3.701625944763953413e+01 1.958633269409318132e+02
2.805387084300251743e+00 5.192393712059134359e+00 1.741065275899715159e+00 2.633910197263519493e+00 4.467148117797771434e+00 1.266843736239256224e-01 5.765855464204936442e-01 1.192384227494958981e+00 1.753420733780287344e-01 8.613232079016408527e-01 1.208264264622462281e-01 1.486676304286906891e-01 8.050451880157408757e-01 6.899913202131807699e-01 1.173686035933760030e-01 1.362486778888190309e-01 5.054456037239944635e+03 1.166257132190281851e+02 2.099318918699948881e+03 1.201423150551669323e+02 1.753407449819169983e+02
3.015724529523509112e+00 5.184156257486387531e+00 1.622635763859908264e+00 2.357413330830504528e+00 4.608480794208023923e+00 1.276525194320274337e-01 6.586131069026783802e-01 7.156662623051497363e+00 1.387473303695767879e-01 7.312714481388553622e-01 3.501722667652423793e-01 1.082769697880861387e-01 9.506790403495912756e-01 9.377627267353244589e-01 3.457535640508409558e-01 1.467805817187523010e-01 1.243792551859876312e+03 2.542155790387752461e+02 4.186323865921249308e+03 1.259617912096917820e+02 1.327148460277745130e+02
1.290438374751391004e+00 5.403974536076162849e+00 2.655863965845701280e+00 2.906147012806025387e+00 4.885147504267089325e+00 1.619737296233102197e-01 8.343901050845646816e-01 1.883686212747284650e+00 1.841926330914859800e-01 1.043597492461937781e+00 4.785776641257557529e-01 1.178801478290563559e-01 1.996297469666079571e-01 2.995570958185901911e-01 1.133882573294197754e-01 1.973637616664790928e-01 2.295933306336920850e+03 1.269872201605489579e+02 4.988763415668969174e+03 1.191808189792308212e+02 6.196176205873162246e+01
3.030886923003459188e+00 6.856898376501670000e+00 2.189211258735936916e+00 3.837915790734775179e+00 3.171197312436894844e+00 1.281074224494489211e-01 2.796181578697805037e-01 4.727017544757922352e+00 1.207854489202024040e-01 1.950222999905029342e+00 3.234495917483229954e-01 1.194136516189941710e-01 9.899018239438061029e-01 5.932399598829810605e-01 1.603352209047806398e-01 1.329882185216914869e-01 1.411141964142264987e+04 2.736832598287616634e+02 1.221131246338270648e+04 1.617402964844372093e+02 6.684580751662912235e+01
2.073874888240443859e+00 3.931142932656235267e+00 2.894312123639513956e+00 3.469999044751566952e+00 5.427080178464014359e+00 1.930966178134189692e-01 4.731124659692526047e-01 5.660678625179245138e+00 1.422639332055984362e-01 1.242694921009954268e+00 1.205790099162381973e-01 1.120643850286706378e-01 2.143318295462345868e-01 4.877398902937642999e-01 1.755426096570231742e-01 1.593615643395847603e-01 1.124833469783901091e+04 8.627518091514451726e+01 6.272379386179933135e+03 3.612560069084553049e+01 1.770882741265424727e+02
2.094859308743909132e+00 2.247361914246268633e+00 2.303352439930677065e+00 3.553306942669911539e+00 3.500579356396452013e+00 1.556188617016010522e-01 9.493268670395161868e-01 1.506842906434796570e+00 1.931977511504898160e-01 2.018845597356541344e+00 2.096860622364785376e-01 1.274972125827550373e-01 6.906749647151100291e-01 5.699000514909472459e-01 3.008540932932285417e-01 1.238930598394500787e-01 4.755986030252020100e+03 2.387123066663484678e+02 1.094150384602804661e+04 7.563514685358514100e+01 1.781809989738750630e+02
8.282721627791238550e-01 7.775894286775683284e+00 1.907414326253058512e+00 3.331525300515744803e+00 4.936453546082375965e+00 1.856835241743753362e-01 2.741694890317788458e-01 7.991463902526710683e+00 1.848262234532604409e-01 1.490281286241845304e+00 1.439335565560766195e-01 1.072553166988759049e-01 9.019565708633114909e-01 7.057974587564751490e-01 2.638956627715285386e-01 1.977664019956467401e-01 1.102852225584983535e+04 2.681906824353126240e+02 1.127000767639512378e+04 1.439794306384553124e+02 1.537127416695615807e+02
3.047519635384077219e+00 5.096659655313244386e+00 1.384055864681712267e+00 3.620503295122615484e+00 4.471419883492965042e+00 1.714750943035554531e-01 3.710599901195308359e-01 2.384699377312510471e+00 1.534105797919746161e-01 1.144984842465191388e+00 4.366839664928829912e-01 1.425625885902570278e-01 6.326597389073094213e-01 4.444632768333384165e-01 3.565969627380316531e-01 1.340910356991013019e-01 1.872501358058685582e+03 2.441828139990589648e+02 4.005692455404625434e+03 1.403731503028576526e+02 1.598101544895512802e+02
2.575358695719338620e+00 4.609360424279474344e+00 2.020501818556397655e+00 4.997298938802404500e+00 3.460367752805807218e+00 1.738660096719102377e-01 5.332657474990671886e-01 4.756559856410879306e+00 1.692790659505038486e-01 2.474758793969945359e+00 4.934905890450459465e-01 1.013697718872524633e-01 4.155460840194349359e-01 8.145583650448797730e-01 3.740939203128679225e-01 1.898040971010593880e-01 1.172617155068851207e+04 2.665908184295047931e+02 4.535807184373084965e+03 1.590387177359615691e+02 1.719187475773855738e+02
2.970429158429124250e+00 7.143004119629562609e+00 1.288817564751116862e+00 5.616596617465029695e+00 4.869181967472289152e+00 1.051720834144107414e-01 8.883344264924734057e-01 4.985469131046429858e+00 1.990778744427593172e-01 1.213714627134893087e+00 1.078197455758032053e-01 1.336230886567385812e-01 9.053866620727086811e-01 1.986527799474052669e-01 2.469110897382260639e-01 1.459586096227428464e-01 1.955073106874690893e+03 8.776926570335783140e+01 5.658887681086090197e+03 7.374079024187400933e+01 1.505482524790352272e+02
9.445462544819887007e-01 4.842471940064106306e+00 2.414853890418739546e+00 5.899351251156380371e+00 5.882752287038394812e+00 1.665160130319366105e-01 3.444203999052757315e-01 9.976304261603317514e+00 1.044215474020473156e-01 1.065469462328930694e+00 1.798255024504916422e-01 1.204308421019194969e-01 9.277453208685627617e-01 6.275313682386418623e-01 1.703064690785822677e-01 1.596089811074908049e-01 1.292425395029753054e+04 1.089346264305608116e+02 8.382970173765916115e+03 1.498639652308289953e+02 1.925966295895151745e+02
2.856645442803274371e+00 2.565497496178348769e+00 2.600111728767070307e+00 4.181719161588137723e+00 3.564862030035868656e+00 1.014767077999899902e-01 4.656338659442276207e-01 8.769515103194859051e+00 1.458703160414494271e-01 1.791079055025861733e+00 3.364466640440989531e-01 1.498548109748702450e-01 6.839230458486603714e-01 2.112620175953953683e-01 2.733394836453314491e-01 1.638895014087295432e-01 4.501316026107213474e+03 1.411982074990357034e+02 7.083184630860903781e+03 6.094697845472006037e+01 1.252063815208612567e+02
3.148300932377495087e+00 6.715219300985159734e+00 1.488166015591244395e+00 4.510380044107860087e+00 4.416730791645326448e+00 1.757550342627499651e-01 9.173733057476374242e-01 2.286299515677459926e+00 1.885787320857094940e-01 1.721579663237585711e+00 4.063404553206669823e-01 1.391901939131844623e-01 7.169341215492082142e-01 4.255356999597067480e-01 2.402095119322750494e-01 1.050837092865130884e-01 6.398416318320937535e+03 6.096628717782503060e+01 8.402069488622779318e+03 5.399010705916589359e+01 1.205504663141322368e+02
2.942820332641576719e+00 7.166818392800113457e+00 1.025022955447976170e+00 2.847090255323802666e+00 5.931256237742356774e+00 1.905985152602815702e-01 4.023085670224014754e-01 9.629714885023856752e+00 1.690184444870972968e-01 8.048680047736294085e-01 4.609829916198693311e-01 1.347073441422486084e-01 4.802386574184940304e-01 8.663605799210590819e-01 3.601863874993568304e-01 1.664913894522709881e-01 8.112263694920889975e+03 1.183777347686524877e+02 1.096430961231614310e+04 1.186588923865677714e+02 5.065234476657113305e+01
2.243256071475840940e+00 1.580300831555972785e+00 2.922051700756448156e+00 2.662450684783099319e+00 5.047336534913072548e+00 1.731662842582171735e-01 3.550180746944809895e-01 9.905623242668877282e+00 1.551586637521618905e-01 1.884152818030868648e+00 3.732517764555881579e-01 1.408571848256834624e-01 7.766528783273489722e-01 8.706370581015909771e-01 2.703615963294368485e-01 1.706472915342492902e-01 1.447285378182061777e+03 1.297835221810092889e+02 2.943063238364525205e+03 1.323937820310638642e+02 7.202963388738974970e+01
2.488223898008157242e+00 7.517973864932031347e+00 2.045651534776743219e+00 5.762853822764657963e+00 5.528626359523650891e+00 1.608093355883131459e-01 6.452003496264060445e-01 9.538708521701174448e+00 1.362455502931199103e-01 4.525471256572128897e-01 2.432889852093986505e-01 1.112856467252996001e-01 4.313987053447632114e-01 1.291101868326847701e-01 2.216335728635605573e-01 1.359260456448661836e-01 4.027786269462625569e+03 2.656870064309767372e+02 1.726883150465009294e+03 1.039915735649111070e+02 8.354678811708359376e+01
2.028106601197879222e+00 2.575755301333505720e+00 2.519027427850051293e+00 3.513354118261142744e+00 3.365910153970502083e+00 1.537328296592742616e-01 2.866755113846427561e-01 6.141781485258843709e+00 1.262115672873890815e-01 3.681839316716916111e-01 3.032331496352165257e-01 1.071420059586370571e-01 7.010081135238986905e-01 5.812967393309373954e-01 1.502348220617678587e-01 1.892014410815319736e-01 1.009607839664603125e+04 2.301118967301264888e+02 4.613785020629170504e+03 1.973886906918206989e+02 1.049181168542194769e+02
2.444483373198392595e+00 5.791371973658899108e+00 2.324538526269124716e+00 4.009376509421283430e+00 3.296015321542651311e+00 1.512832947495248992e-01 9.711424190105184540e-01 7.621559716687416497e+00 1.939429177782684421e-01 2.907163761166549953e+00 2.775115916453246845e-01 1.180833451448112387e-01 9.916379860342489083e-01 2.809696519788502656e-01 3.936400074444170727e-01 1.187585047020488643e-01 1.689906603044783878e+03 2.456769653737335091e+01 6.741420047584035274e+03 1.107437704204373858e+02 1.129114742785831709e+02
2.900995260325928804e+00 6.992125412652221428e+00 1.453025450537277052e+00 5.236908819514664692e+00 3.426148808616495955e+00 1.329887593679723590e-01 5.741825389999082319e-01 7.570120026083564824e+00 1.782670753268763009e-01 2.373102261949465497e+00 2.131251317270520806e-01 1.307127301597497127e-01 8.151141679510193194e-01 7.226389377485966659e-01 1.884765484477410324e-01 1.786599716170428065e-01 1.051985765093305963e+04 4.999168852026524235e+01 1.215329699480203999e+04 5.306763132900417190e+01 1.476024275751553319e+02
1.243406160581068454e+00 7.301972322584068920e+00 2.565631637378366747e+00 2.322266663652819307e+00 5.359974164051160450e+00 1.053476257666009913e-01 9.464816794693718949e-01 5.146980276355372474e+00 1.348779723269014630e-01 2.224877742421018656e+00 2.385052843986548154e-01 1.325220601571652501e-01 8.853106738049253410e-01 4.287548458731744727e-01 2.277809843660223710e-01 1.378818401674573035e-01 8.754018832608342564e+03 1.275732276403507939e+02 9.567162274920879099e+02 3.171720599552684661e+01 1.574664939911166925e+02
2.369790735053440844e+00 4.939397418714415622e+00 2.210879214065309739e+00 5.351191003044197814e+00 5.016682072032825346e+00 1.350036836892910819e-01 3.665020438249524393e-01 8.147917643244655395e+00 1.295268294076916404e-01 1.047125946462627022e+00 1.020205753152226003e-01 1.267561774225985649e-01 1.082983927590924489e-01 7.818727696797851401e-01 2.321492436816023908e-01 1.974744541752611604e-01 3.193169096231290951e+03 2.542082365645801190e+01 1.078493401972639731e+04 1.421305897774518314e+02 7.510173562779667122e+01
3.070116273532048190e+00 5.162235089788460130e+00 2.732656466960122543e+00 5.470643729004016187e+00 5.159609486101627063e+00 1.551024643106845846e-01 9.779004100283121836e-01 3.606900787909570028e+00 1.282236050337096367e-01 7.383540799642794861e-01 1.169865951329208953e-01 1.332271204848519131e-01 1.867995880979589352e-01 5.021681643959275965e-01 2.748499711179575034e-01 1.060006259630272424e-01 8.818602688509890868e+03 2.415986889759218741e+02 6.270157548491656598e+02 8.824542627406111706e+01 1.442680028311472711e+02
1.777312563823269187e+00 2.656598432039489310e+00 2.096989367692327910e+00 4.790841820361842807e+00 3.314083878933127281e+00 1.211860698337489384e-01 2.324164890132005279e-01 3.697562421629137397e+00 1.821604617983517416e-01 4.353923170348742988e-01 1.698036510837322988e-01 1.275048440487226709e-01 9.188512958862435909e-01 5.404213907228830882e-01 3.797165309343843997e-01 1.669588231880243245e-01 4.377324751216927325e+03 1.737493900091498631e+02 1.009483872526227788e+04 5.865929487057111658e+01 1.902798667783695521e+02
1.008387694580041405e+00 6.508845144351218082e+00 1.307372932434948565e+00 3.486263368171151455e+00 5.727916125095701361e+00 1.667752126206411001e-01 8.062792604234838567e-01 5.941306370520574198e+00 1.916713730842377894e-01 1.007597025449818773e+00 3.133704376525694446e-01 1.232417530400188727e-01 4.853318368507690828e-01 6.222149163329337984e-01 1.852231736749783697e-01 1.567692003794160516e-01 6.634295908023943412e+03 1.210031116293929188e+02 1.213857062220882472e+04 1.701061355147406857e+02 1.329113835270631512e+02
2.473323420847181708e+00 4.997496506229378355e+00 2.421578874970975015e+00 4.751257521705641196e+00 5.149988606434811267e+00 1.315433068820339446e-01 6.344346924584204350e-01 8.586041970214282060e+00 1.871796199716567188e-01 6.422121733145773614e-01 4.252322464752167352e-01 1.100919342142797908e-01 3.294746226109597220e-01 1.161964640951481942e-01 1.648962187975428206e-01 1.298279042184316001e-01 1.802050621017746380e+03 2.412797649262512891e+02 7.861848531779264704e+02 1.958832753286824868e+02 6.351635787569300362e+01
1.336203615655104926e+00 7.590222724740049998e+00 1.548366184466418272e+00 4.356547504417009442e+00 4.787246802643460697e+00 1.650277923913042177e-01 5.449226831658898762e-01 8.361671188989713954e+00 1.986311549729943837e-01 1.590366764430828139e+00 1.473719087795277161e-01 1.168499983222877070e-01 5.103740125671779593e-01 3.137721844620432465e-01 3.944692894284320683e-01 1.408900234035111443e-01 1.416274214567502713e+04 5.439561705858369578e+01 9.544399445536950225e+03 7.992000316383250436e+01 7.734124908879302041e+01
2.234250664072799708e+00 4.907298735355254848e+00 1.478507569371239061e+00 2.811377368735370919e+00 4.184668724118724370e+00 1.478850342701543696e-01 3.508933615852464216e-01 5.413738800095620363e+00 1.367941279713165148e-01 2.988002863756085592e+00 4.223468798051418505e-01 1.475664012885217480e-01 3.392190888490871359e-01 7.305223857475771077e-01 2.024429074447131327e-01 1.643759866102792178e-01 7.853751891216032163e+03 9.191350671361796287e+01 2.749155920048654025e+03 1.409030384059666403e+02 8.224724826136522893e+01
2.148242003747681483e+00 5.339119589372856467e+00 1.895502227167468190e+00 2.214991588780644172e+00 4.326703614255489327e+00 1.433153015430900235e-01 7.767448387311787217e-01 6.731136149349984166e+00 1.032283823659773531e-01 6.196378063371821288e-01 2.559056593891341214e-01 1.153104008188451379e-01 8.172291502106381333e-01 9.671262378150816685e-01 2.149625005183795901e-01 1.911636000834283644e-01 8.711081046207564214e+03 2.433783775823330586e+02 8.990798550332890954e+03 1.213432359876531024e+02 1.447321933241422869e+02
1.193714411832379918e+00 7.506098001785890261e+00 1.224932612377704899e+00 5.220607351266143503e+00 5.190221002019961283e+00 1.330954868350279485e-01 5.973042456504527031e-01 1.692071081449102454e+00 1.734191263098910363e-01 7.636360891677199669e-01 1.234719697860988952e-01 1.276805316763040266e-01 7.424153127180422862e-01 3.813734253369990279e-01 2.800447380186682489e-01 1.139881125292218911e-01 3.592051023648103182e+03 5.497357986740260571e+01 1.158026798104167256e+03 1.956209168892104344e+02 9.445905445098097175e+01
2.992670518023090587e+00 5.798957340244623282e+00 2.818462855491990826e+00 3.490408060898082532e+00 4.855366090929538636e+00 1.964154401003897488e-01 2.977463995980725864e-01 3.713040134272261650e+00 1.623544624919555646e-01 2.643576946455713284e+00 1.051446931898220444e-01 1.412390874511300909e-01 4.904022809118954163e-01 1.831948660329693612e-01 2.584189854396902741e-01 1.356317105334994000e-01 1.121875013308219422e+04 2.939947366586573025e+02 7.492758068859545801e+02 5.014970413860064014e+01 1.390556926379681215e+02
1.748081607125603565e+00 3.616584807655947920e+00 1.571199742824867407e+00 4.193867304014323949e+00 4.390221530348676460e+00 1.106874631689995225e-01 2.131774696612495079e-01 7.258700392501840959e+00 1.358695567913948410e-01 2.967537306581191636e+00 2.753277582594407802e-01 1.350981229683231588e-01 2.274527264193393350e-01 6.637783512236495875e-01 1.415123128943718001e-01 1.303982403816358882e-01 1.479290944086385025e+04 2.639104449334300853e+02 1.087441169008393445e+03 6.803707853702663044e+01 1.868587079975756922e+02
1.706112559289324704e+00 7.632499152548778198e+00 1.668881452141282029e+00 3.214437506460878780e+00 5.372773461498297820e+00 1.721895088169002608e-01 7.206390105853558437e-01 6.080887638822761510e+00 1.151487706367968766e-01 2.835617551282950011e+00 3.223464036792390575e-01 1.111707564405409882e-01 5.483685310412679259e-01 5.568813563299107594e-01 3.499771534711723087e-01 1.456012119109027225e-01 3.704523054649549067e+03 2.869872140452996518e+02 1.224583663548106233e+04 1.318773566101342567e+02 8.458450306103888749e+01
1.208232312564434086e+00 5.659406515127786363e+00 2.058296362536002455e+00 4.590531028316957141e+00 4.323242971053162798e+00 1.490020277199445298e-01 7.131715497588221320e-01 6.475961639356511590e+00 1.383482556018655329e-01 2.617066271383301945e+00 3.920477028289273136e-01 1.005464166771901369e-01 4.292667456693852746e-01 8.801328753115273962e-01 3.372345758052782694e-01 1.843449254534453019e-01 5.641757117103054952e+03 2.896338390502272659e+02 1.107150891827290070e+04 7.871661131913016618e+01 1.858028867687332308e+02
1.783563247818962472e+00 4.876777482141422482e+00 2.450654216158502763e+00 5.174463716061525886e+00 4.719860694831283787e+00 1.802813108379345275e-01 8.483829290296286407e-01 3.504473810379738818e+00 1.175455260319438616e-01 2.541136636840327867e+00 1.942526921062938117e-01 1.335116412421445409e-01 3.116130477073358884e-01 9.808720631141377710e-01 3.127396956717561904e-01 1.321511780014137383e-01 9.740262645452708966e+03 6.309976267818054652e+01 5.927287705592750626e+02 2.907831326092775370e+01 6.902482236874620014e+01
1.483042811055783616e+00 5.856829302537400750e+00 2.696222666449580974e+00 3.651881462680762525e+00 3.210231932575664082e+00 1.900286659959850577e-01 2.683900551143413304e-01 2.134440741740287084e+00 1.539583563488730877e-01 2.826573760169146965e+00 1.370177225757964468e-01 1.044192424402498459e-01 5.205853061602669918e-01 6.262744974053886526e-01 2.718682831308439907e-01 1.986261419718324261e-01 3.574536596560676571e+03 1.294954882903558087e+02 9.422982916582195685e+02 3.848626151319275834e+01 6.285619885775957982e+01
1.587213662365113187e+00 3.629725565900368878e+00 1.427680702145613489e+00 4.187516481241439159e+00 5.260190427678908875e+00 1.421832997037967283e-01 7.212946962205895041e-01 9.834910043829058424e+00 1.652663692849846155e-01 8.638206515167921040e-01 4.373200092061741984e-01 1.484338414904071701e-01 7.400770124635130953e-01 3.212574709849015386e-01 3.544837740654666058e-01 1.098376633274496250e-01 1.464219958214342660e+04 1.632546983002444279e+02 3.085952701345755941e+03 1.145935926772737474e+02 1.172877141271135031e+02
2.597113123351230790e+00 5.049477365180273125e+00 1.170662237533960592e+00 5.404908333020097544e+00 4.231725525043728453e+00 1.271641293952552876e-01 7.726792500473002034e-01 4.853767070705894859e+00 1.731679235359051272e-01 5.399535899237448699e-01 4.070914369563585211e-01 1.171544404703613318e-01 9.715463043275047728e-01 9.554201696751331019e-01 1.724085300440824642e-01 1.765562954838414966e-01 3.624302760491625122e+03 2.366405160812469717e+02 8.084147325898145027e+03 7.096499064268806478e+01 8.133199475321112004e+01
2.452875921590385477e+00 2.156338180097173485e+00 2.759601031288780870e+00 5.503924102318713985e+00 3.099016673173867087e+00 1.387193900414080971e-01 3.351206636027490582e-01 7.933335792765491057e+00 1.456678399917261946e-01 1.149796316671126029e+00 2.722811746075127770e-01 1.004040962166038442e-01 3.044041040394305231e-01 5.727571115363642162e-01 2.268264929721891809e-01 1.232065449151546060e-01 5.996104829793625868e+03 1.284084754749069646e+02 3.516994334225119474e+03 4.304759249723997527e+01 1.249117593499561849e+02
2.209533077312972438e+00 2.473974311439707918e+00 2.171840960690996525e+00 4.875909389691803320e+00 4.437419915568383999e+00 1.071712508686457621e-01 3.247128214481519448e-01 7.658298469588586954e+00 1.372500984990695228e-01 6.768283483157992997e-01 1.842255173693292392e-01 1.223538715111040509e-01 1.306448617941480816e-01 3.167714495222403448e-01 3.874414769247316315e-01 1.610989087676759635e-01 1.269899276639482014e+04 9.476267383013811241e+01 1.241077021469873034e+04 1.630964582724214438e+02 1.025243131847523017e+02
2.961834659525636404e+00 7.342549019834763158e+00 2.042628953024448357e+00 5.787064811405819853e+00 3.540549775777118491e+00 1.039437357788651484e-01 6.100576003656680291e-01 7.088446550716609451e+00 1.598252791525703320e-01 1.985225543202047804e+00 4.268697353033769071e-01 1.445621144790478763e-01 2.322795534101350923e-01 9.992135080268965686e-01 1.935114722136435650e-01 1.305793474761892392e-01 2.261674484606603983e+03 2.286111150217802219e+02 9.037833155689135310e+03 8.200338669260571578e+01 1.231015553164651379e+02
2.835525635506709996e+00 6.238592922884587111e+00 1.601500715901533312e+00 4.912769881519290394e+00 3.473785574433920331e+00 1.415442522924233171e-01 8.892481048453936276e-01 1.669076201642746504e+00 1.061841721899621782e-01 2.801517183169147884e+00 4.713273509555820917e-01 1.337886018830040102e-01 7.459122400096842576e-01 3.607136870334936019e-01 2.187352507017683023e-01 1.149137981246589890e-01 1.348690548044740899e+04 1.657022497115823967e+02 5.324354119726309364e+03 1.593987381870084334e+02 1.596664820292776881e+02
1.928685340915669011e+00 7.254952871444228180e+00 1.020917524884109584e+00 4.123445250693165143e+00 3.880063521256829517e+00 1.544949626557606259e-01 1.366660051163686995e-01 6.072626687466159190e+00 1.055856569644195581e-01 7.187929342874869176e-01 2.486163090663956465e-01 1.241661702925627442e-01 4.991187078107550690e-01 7.776180930273066672e-01 3.901413518056185969e-01 1.143870943803462492e-01 1.218926000722732169e+04 5.419538739342516465e+01 6.972013088679934299e+03 2.973787228787212555e+01 1.978612839275581052e+02
1.543364474187060686e+00 1.659582490774595076e+00 2.150054063136224158e+00 5.713757731789527838e+00 4.202788399442470180e+00 1.586991995510243503e-01 4.484156408774301328e-01 3.315260937542766406e+00 1.497045450042114034e-01 1.414227577889223264e+00 2.409350521410104640e-01 1.235811734418024721e-01 3.104249755164573132e-01 7.503950177280737099e-01 2.238047448729733879e-01 1.734684686861939773e-01 2.150352637446019344e+03 1.400093586286880623e+02 6.242789811641159758e+03 5.161760158902499995e+01 1.458381290503809851e+02
9.362182293108182174e-01 5.952875550463231136e+00 2.039211856360896746e+00 4.108547038938226592e+00 5.975512202223249858e+00 1.759534345884855300e-01 8.549283130459075508e-01 8.343549249183979555e+00 1.770240183321340754e-01 1.130959186822919182e+00 3.148139936735052657e-01 1.098086744888650268e-01 8.942042697442202925e-01 8.200430195417448553e-01 3.979417187778866438e-01 1.994315599461747579e-01 1.459445359259415272e+04 1.324961110034686840e+02 4.479318538139968950e+03 1.485849752189013770e+02 1.097105960721693805e+02
2.687698373781815420e+00 6.842210566137303829e+00 1.726162402043800448e+00 3.108489398688563554e+00 5.108692694857550620e+00 1.256299257783573819e-01 5.469614491161571834e-01 3.116980867806855571e+00 1.855569213926642202e-01 1.519127671046340833e+00 2.806662709892396301e-01 1.126192707086130507e-01 3.517465980587863861e-01 7.897233329479170783e-01 2.882621532280330579e-01 1.162808223650703132e-01 5.956848338111812154e+03 1.348332448675997739e+02 6.835563307860936220e+03 1.983318682579968026e+02 5.375946822998618302e+01
1.993587273731084686e+00 1.776974911357021458e+00 1.721151595552062874e+00 4.082001851202428533e+00 5.099705938884596002e+00 1.182126517051105274e-01 6.982968233023284510e-01 4.604581581103573740e+00 1.337092699688418873e-01 2.183694177734551545e+00 2.931250187606868063e-01 1.369383143900216315e-01 1.006615548780524227e-01 5.744064307996925578e-01 1.326554506561867519e-01 1.936129527888550417e-01 7.156975997463329804e+03 2.157254652147172465e+02 7.843506390363899300e+03 1.773897041541353303e+02 5.469172382254192399e+01
2.545752031727143816e+00 2.840029477528247082e+00 2.142758808394587433e+00 2.773161075451506363e+00 4.548716129056623814e+00 1.365165346840177818e-01 8.508858074091681933e-01 8.125056828381854501e+00 1.973944370018445582e-01 5.446052099754808973e-01 2.651265726643545206e-01 1.142406988577648608e-01 1.722909923158150725e-01 6.993463767000941411e-01 1.745236683227240349e-01 1.770461557091969063e-01 1.049582292969138734e+03 1.897742943698983993e+02 6.469839413035776488e+03 1.235955520600475950e+02 8.102556735837539748e+01
2.251980328804056519e+00 4.026780362617789599e+00 2.662155684265121280e+00 5.974173117213145368e+00 3.985356297545230575e+00 1.067016319993775858e-01 5.066104469087918671e-01 1.545845147305076939e+00 1.235421474933812991e-01 2.479514661430342937e+00 2.346113412433607770e-01 1.309556382280391007e-01 3.062472984333057813e-01 1.618958075614898851e-01 2.771615830152669435e-01 1.251787949304496994e-01 4.087243108446965834e+03 7.983254881695114591e+01 1.376592316066307831e+03 1.297553333537132687e+02 1.235438416738206087e+02
2.360815309492151570e+00 6.728579913903457665e+00 1.210773192951633881e+00 5.657721634240004960e+00 3.951361695253845063e+00 1.019510023582098357e-01 7.257018490274049771e-01 2.543686133525257187e+00 1.860461898517191404e-01 8.688418156563024741e-01 2.976250544464649761e-01 1.025710628843020389e-01 8.873163857898145324e-01 7.737796050821639238e-01 3.460272213875965619e-01 1.011648000494601435e-01 1.206690489291948688e+04 2.827351653715484758e+02 7.054931762165429063e+03 8.621551392921523416e+01 1.226002105383595477e+02
2.930373193181218028e+00 7.120696457855766326e+00 2.885335905205009155e+00 3.768601835366833797e+00 5.269040024844213299e+00 1.122037052769353782e-01 7.003162538139077187e-01 8.315553882805620134e+00 1.994554931877030590e-01 1.477567109202293727e+00 3.283166537656290185e-01 1.418699502565598514e-01 1.702145163235302960e-01 9.753005968065422415e-01 2.526922044795240074e-01 1.996469145549987501e-01 6.876667531572187727e+03 1.908724074375545570e+02 1.888871901198185469e+03 6.854007809536068407e+01 1.823024577355177769e+02
1.216648206891855155e+00 7.743892948446337243e+00 2.591968190569930108e+00 3.912590815782590603e+00 5.413143513579145250e+00 1.240689359433733152e-01 3.208277182077152734e-01 3.274595676988289572e+00 1.882789864772110022e-01 5.079246137049209242e-01 2.200164568473802207e-01 1.404116191282481219e-01 5.635531503311160817e-01 4.190646622873497318e-01 1.972273265367100459e-01 1.103107057018432313e-01 1.359092412038049770e+04 8.403288958955896248e+01 1.925219021762906550e+03 1.130813540851425927e+02 1.384588383897365134e+02
2.239525802093752738e+00 3.491323729645190443e+00 1.854667682919278082e+00 4.952534886945307413e+00 4.065417971675181263e+00 1.634780907946291051e-01 6.304315947184427893e-01 9.240678892589448523e+00 1.981283236063267894e-01 1.657606651841398770e+00 2.690636957675615060e-01 1.028855246131972073e-01 6.292229923370271649e-01 5.531060133632959008e-01 3.229648723306977054e-01 1.137093534782906840e-01 1.317312353816432369e+04 1.241175242231309568e+02 1.957847469687109196e+03 1.938025865758043551e+02 7.067044844725930375e+01
1.224960426682754289e+00 3.797563109116460112e+00 2.390275190817478190e+00 5.582730586151501306e+00 5.408280185788815864e+00 1.617623787365192745e-01 4.342639060104477311e-01 1.901136796252194561e+00 1.130389381418338973e-01 2.548211796049230760e+00 2.085779365089788229e-01 1.137238331805037334e-01 2.228216998006615213e-01 2.127914587604804730e-01 1.068596424685972213e-01 1.773261023314013085e-01 1.056997901645541424e+04 2.601479107334508285e+02 2.180021295520059539e+03 1.968464134413723343e+02 1.797766806135790887e+02
1.693441632622910253e+00 7.067691100096235246e+00 2.342742607723538484e+00 4.717490644679834588e+00 4.228269471126205659e+00 1.470609728223445933e-01 9.202803774500509792e-01 2.766693308701094089e+00 1.766680592822804652e-01 2.026008340081705494e+00 2.255863973909839060e-01 1.185306876852925406e-01 9.654029952011058402e-01 3.874162161304015584e-01 1.791511844569572132e-01 1.939686802905446483e-01 1.241903428963523220e+04 1.870008277188287025e+02 1.058453344788179493e+04 6.446537408248221368e+01 5.282398936997650907e+01
1.069094606528055769e+00 3.881655105889228796e+00 2.789859052639813264e+00 5.906914279484725583e+00 5.862564617269330647e+00 1.658054346271092272e-01 3.971334368598756770e-01 4.268719282424564554e+00 1.996954859253657344e-01 1.473170127353764736e+00 3.452678125821009303e-01 1.301778040918311896e-01 3.258228241090564969e-01 6.077404042164100684e-01 2.645632033432195884e-01 1.940158614319311969e-01 1.340163874397665131e+04 2.790021248783478995e+02 6.037631367930908709e+03 4.470791600731385529e+01 1.221028689865844115e+02
2.175114769802643178e+00 7.565242215795141334e+00 1.868231863879180388e+00 5.938616909322519177e+00 5.102014963644506906e+00 1.469967543487924744e-01 5.882184905843012013e-01 5.579382682426905049e+00 1.965366807296147211e-01 7.138707083268842624e-01 4.759652114588900362e-01 1.314979264566600026e-01 2.156422001180834103e-01 6.763489314801262031e-01 2.792103166159137229e-01 1.281485188325964253e-01 1.148732030489683711e+04 1.727120935325999369e+02 6.895529427951038087e+03 1.672616650501364006e+02 1.072647766644616354e+02
1.737243127498713680e+00 6.215250751287685560e+00 2.256927887104008157e+00 5.610482110275883727e+00 4.160367160184360813e+00 1.571708247614768406e-01 1.493248026892000091e-01 2.941534921498051069e+00 1.834115166627183213e-01 2.029803505608111180e+00 3.331734140026194613e-01 1.193199240436286362e-01 1.529282207882717293e-01 7.635577777549248379e-01 3.814065578557663816e-01 1.696695205160689834e-01 5.832760363959824645e+03 2.197461397110983938e+01 1.134255362207800863e+04 1.843789992379174976e+02 1.171285683518175347e+02
2.266333817671460693e+00 3.748177820346492162e+00 2.124879021833101067e+00 2.529153143332778075e+00 3.520640098439420385e+00 1.725722434598648547e-01 1.606544117312955766e-01 4.555332991548818100e+00 1.541807221524214844e-01 4.588717808334104031e-01 1.751799203795186000e-01 1.414092837126935953e-01 9.449229662291398490e-01 9.323935048179957663e-01 3.053970215819607481e-01 1.038462918079965797e-01 5.922949646359309554e+03 6.776041584369745863e+01 2.526262848621403919e+03 3.044826893968412662e+01 7.623545337027653090e+01
1.664953736633366432e+00 6.136296091641700201e+00 1.942524710159459378e+00 3.812432735846520870e+00 5.556203803719105494e+00 1.047417104554710099e-01 1.788660010018396918e-01 3.425060844166913476e+00 1.159190121294190884e-01 1.742087588068335746e+00 3.066447614446565773e-01 1.110033963574640764e-01 1.274515992502912032e-01 2.000118213765287867e-01 2.120714690321318097e-01 1.752653938132745504e-01 1.939292234780128865e+03 2.130050580767207293e+02 1.255488188531199557e+04 1.188268895574321675e+02 1.269940176736793660e+02
2.913239152455742165e+00 6.932701121383026077e+00 1.839481412357436785e+00 3.910855540511266160e+00 3.997680926975545113e+00 1.028710611102879174e-01 3.170867316403958025e-01 9.392381334214709554e+00 1.288382060390508288e-01 1.394326263084907369e+00 4.260330260878067987e-01 1.220608115169622282e-01 7.553691904602148899e-01 2.833419140623328891e-01 1.537473144379086221e-01 1.184783529633986199e-01 9.930470490355432048e+03 2.042799284614369810e+02 2.404484222924031201e+03 1.737704704006100371e+02 1.266475272525573530e+02
2.111116098098293925e+00 4.557986837597345797e+00 2.472152934978335992e+00 4.298534494157616237e+00 4.277190763345926072e+00 1.623736810758143467e-01 9.886233332185211387e-01 4.456998177988054088e+00 1.485014968014977121e-01 1.737334547213485125e+00 2.674936795789829014e-01 1.033059934253565681e-01 4.306039276419627582e-01 6.133235835994704788e-01 3.049477125460783311e-01 1.603622651410446520e-01 3.029424842103103401e+03 1.571013321338408844e+02 7.426988127018316845e+03 1.797879567925225786e+02 1.742300219618806523e+02
1.655056483043824578e+00 5.438047696064270298e+00 1.310346097615218586e+00 2.915661091002377248e+00 4.492727152311370098e+00 1.446497315920557691e-01 3.158137351030686490e-01 6.774453860114309833e+00 1.677812366788851706e-01 1.555993652349595413e+00 3.907860861982545009e-01 1.117749638708810805e-01 1.812165566644855508e-01 7.857222687917564397e-01 3.348817627875603220e-01 1.833774883460824179e-01 1.457077056367871592e+03 1.698856663503025999e+01 3.350352451402136467e+03 1.311078027500618646e+02 1.430325577040978828e+02
1.132472000883048668e+00 7.481307319746560935e+00 2.322236692819931392e+00 2.109725586675373243e+00 4.954311101531855499e+00 1.960092446444826886e-01 7.090470849799580533e-01 3.561284524143025987e+00 1.602106804553307673e-01 2.134162838519807703e+00 1.574107751558877777e-01 1.376016392570870439e-01 8.227194774686882317e-01 4.708030367387319171e-01 3.893373620752246245e-01 1.000992717183928904e-01 6.538253773906828428e+03 1.690415236591459234e+02 9.511311825826494896e+03 1.833283625544076472e+02 1.318556082734093025e+02
1.016106264397003800e+00 2.389104386269666591e+00 2.657155853249418609e+00 4.595265076692150785e+00 4.526053046953574466e+00 1.184762945030710807e-01 7.590788299221904456e-01 7.124972156090955799e+00 1.115771724491259886e-01 4.286805585502948546e-01 4.875141167331099590e-01 1.343987533100467202e-01 7.266624521711142481e-01 3.333394063272369090e-01 2.844810800337668200e-01 1.751665728635208863e-01 1.119177144953243078e+04 2.755444509500471213e+02 6.136234994946253209e+03 3.916038799483862931e+01 1.941488005367044423e+02
3.175863960744358394e+00 4.347265645669873280e+00 1.588134751501240061e+00 3.392300127715521807e+00 4.670290908034258948e+00 1.727136305222854995e-01 8.964737433148023404e-01 8.044846259862577398e+00 1.824970909815366027e-01 7.962972691089467148e-01 3.548848905687059796e-01 1.479705045090419779e-01 8.682190443228459120e-01 6.741871261910641344e-01 2.579711997419866787e-01 1.565879977736699680e-01 8.437301197330070863e+03 2.377861968378117297e+02 1.264044651436927415e+04 1.581807120554343271e+02 8.912861188525337752e+01
2.457832665475782719e+00 2.227054315764261272e+00 1.695723033104981958e+00 3.168142114494732819e+00 5.183298915820627961e+00 1.486850805431266798e-01 1.661817324516820515e-01 6.201567621296891097e+00 1.569746162997347205e-01 2.591270706790237188e+00 2.589319272668415550e-01 1.218466521458248519e-01 7.465402033893859812e-01 3.060408815886604406e-01 1.775666565068521607e-01 1.716517513327698308e-01 6.847100781502284008e+03 6.389900554677056022e+01 1.065530778435171305e+04 1.896451908042631658e+02 1.892117471031582738e+02
3.073774240829074245e+00 6.310628245198451225e+00 2.088972832094817544e+00 5.920559168676735595e+00 5.997737671417907812e+00 1.087653991040026247e-01 9.795791083959997092e-01 9.487396622164800064e+00 1.435949517607463255e-01 1.195803996078559583e+00 1.621822655619349351e-01 1.457368853360777039e-01 6.073773709774560325e-01 5.117740293256605177e-01 2.596887800900534726e-01 1.104603724439492257e-01 2.671691114517061578e+03 2.528529851319280795e+02 1.052872770216899517e+04 1.787640308742790012e+02 1.079269217390780113e+02
2.565185384477808306e+00 2.407565336500112174e+00 1.074652712451685588e+00 3.946515684151014725e+00 3.817424802671111728e+00 1.408931073380687848e-01 2.032419113232469265e-01 6.183327514671348446e+00 1.612845973023145085e-01 1.937192896820209453e+00 3.057473782361088688e-01 1.471349881401038673e-01 1.828956500154587106e-01 6.792005286281652676e-01 1.485997560620986868e-01 1.985760968521380065e-01 2.790815483507321915e+03 1.091308471286374839e+02 7.824130200879366384e+03 6.700449715949849860e+01 8.489122435508195963e+01
2.760228264197656323e+00 4.748227611401540926e+00 2.769729032567243898e+00 4.361342901396090710e+00 5.790632138631232273e+00 1.652777162938254829e-01 6.920893237753873439e-01 3.062645531665483034e+00 1.632982048768486238e-01 5.871988212253274053e-01 1.775476869127315949e-01 1.161186248437938995e-01 3.634038660356140316e-01 9.160375436287455653e-01 3.717393619519890891e-01 1.389371631762521819e-01 1.152538516913403691e+04 2.614870594222801401e+02 1.815968815163074169e+03 1.650087452603551981e+02 7.654025995412348493e+01
2.481966962340844685e+00 6.410438277274060681e+00 2.625304795844445316e+00 5.490182067619853612e+00 5.637848324962268620e+00 1.112319790702432920e-01 5.344975228254735811e-01 5.868687477871020519e+00 1.238473851583502400e-01 4.802917471218681733e-01 4.080216197687611679e-01 1.289680419084599516e-01 7.993922644061824956e-01 2.976059086914926155e-01 2.823609828911577968e-01 1.982795693483831723e-01 1.262041345940193787e+04 7.825873700388171983e+01 6.773040949434531285e+03 1.151130166773251489e+02 8.612900155388686585e+01
