2.184051702782416005e+00 5.262092059810313138e+00 2.214696905953392303e+00 4.701709187065786111e+00 3.284178466855204981e+00 1.737728178404815083e+00 9.927881991499643011e-01 2.252855951371481869e+00 6.339246836512112404e-01 2.873897813640158727e+00 4.982794019145014630e+00 1.129123099790291684e+00 1.309361261460734616e+00 4.161330380525426698e+00 1.708097151899119481e+00 1.872812225562773547e-01 7.061054698245484360e+03 1.085257864063713384e+02 1.048170588875320391e+04 4.529807150904588298e+01 7.437310845932819348e+01
1.232429214047226829e+00 2.780966007627654335e+00 1.503535715563703690e+00 4.903808700215819272e+00 4.578479467446020301e+00 1.639066189634729165e+00 5.259219298759084671e-01 9.933044570150860508e+00 1.120855293901221517e+00 2.474005201748729288e+00 2.322467071371792091e+00 1.007894196700346745e+00 1.726608580294115569e+00 4.740439600429922962e+00 1.865141439704550708e+00 1.116267982533914738e-01 7.159560602844117966e+03 1.373474790921110298e+02 6.771876182812584375e+03 1.721685425305290664e+02 1.682435712443927116e+02
2.228152635236473778e+00 7.769309915081420215e+00 2.331305233424127543e+00 3.829341928254886618e+00 3.494240104285649462e+00 1.081594019300560650e+00 8.197945513944470131e-01 3.898684037290095716e+00 1.524355176922960631e+00 2.618354722780438681e+00 1.130610841781306997e+00 1.004112387092545022e+00 1.697160781507386584e+00 3.714228915074746062e+00 3.757698719346918015e+00 1.476576617533826297e-01 8.234680822895808888e+03 2.744536300224615744e+01 9.575963928620152728e+03 6.704249046749063723e+01 1.016978872835638867e+02
3.161337041176444096e+00 4.546618311259593703e+00 2.433563532183049105e+00 4.348149496552064619e+00 3.894163694109889384e+00 1.622027627877451916e+00 7.114594592931053896e-01 6.289881600626619829e+00 5.341074981597934146e-01 8.552527570970647197e-01 4.146963209596759015e+00 1.372730813733612276e+00 1.949258501217502104e+00 9.816731306270181534e+00 9.692075422900529036e-01 1.140671544470107102e-01 8.724826503732176207e+03 2.715686932694430311e+02 9.366066905242820212e+03 1.071593332931988840e+02 5.950964646257904889e+01
2.272882793994915218e+00 6.152593242308705968e+00 2.705245901575562772e+00 2.085400070560299302e+00 5.408310730085720053e+00 1.892259285441830752e+00 1.727612360357461407e-01 1.822334439321366073e+00 8.528628272330173177e-01 1.197426585645901875e+00 1.491999453666662312e+00 1.451844636502559016e+00 1.700259980687770955e+00 5.386005751282820775e+00 9.547933332129234785e-01 1.847625190101985226e-01 1.432661489927132789e+04 1.933576195596651530e+02 5.745314334258667259e+03 6.153345423793236080e+01 1.075463902115667025e+02
1.479963731733372478e+00 4.907844397963645022e+00 2.184234838704687043e+00 5.111064701272804101e+00 3.683557597073771728e+00 1.563011326693415359e+00 8.891018050529262418e-01 9.854006814935999614e+00 1.602892623316372056e+00 1.477255199651415829e+00 3.534996092300354498e+00 1.018046919452672894e+00 1.653483326822941635e+00 2.738629161037297699e+00 3.748875932214501105e+00 1.008370053839805353e-01 2.709337447218968009e+03 1.342792979264193605e+02 1.155865448087371624e+04 8.523178014178623130e+01 1.362164810486330566e+02
1.721058264973416740e+00 1.958746663268288613e+00 1.808224016856356142e+00 2.024378043887519407e+00 5.949405602673053295e+00 1.228465078237420016e+00 1.235127384846866488e-01 8.078918917466594962e+00 1.597887142428760621e+00 1.003081148572162462e+00 4.058739597715359970e+00 1.492983092483672891e+00 1.402198581728889115e+00 3.085891401196084516e+00 1.400108329089270853e+00 1.620952118019830801e-01 1.170605983567305884e+04 2.220156694395948449e+01 7.125057471927138067e+03 4.821880170074410898e+01 1.366475991872508189e+02
1.272834466422342770e+00 3.407037200390187426e+00 2.557324619288255718e+00 4.841724164105591477e+00 3.635887812873484393e+00 1.729062631418013307e+00 7.984526127384401484e-01 1.527902539477189459e+00 1.811466937164149416e+00 2.056894080499173771e+00 4.184088897982628730e+00 1.110516177593642295e+00 1.910090330021031457e+00 4.006680206052468662e+00 3.333498756857111722e+00 1.519319300061860722e-01 1.103482069260240678e+03 2.396895022509699515e+02 8.529598041298309909e+03 4.735700401563764927e+01 1.885038652272334332e+02
8.764853115644248849e-01 4.897866461830354012e+00 1.449564198875246790e+00 4.957644324006214021e+00 3.298234510945504461e+00 1.181390424283982776e+00 8.489915046817412270e-01 4.000523922281860933e+00 5.195897263944991851e-01 2.567620070644249353e+00 3.986959867084985731e+00 1.067168257177438795e+00 1.537919313661589182e+00 8.903791405939543324e+00 1.110817518466061138e+00 1.528821330633142739e-01 1.223359640208967903e+04 2.477946428706002280e+02 6.023049422608223722e+03 1.548730919137559852e+02 1.471263900505560400e+02
1.163124533405496486e+00 7.269051041051032058e+00 1.155276916031676038e+00 4.772523866410588234e+00 4.528436492114968459e+00 1.300284910081180190e+00 7.053590074302341639e-01 4.662066548010352918e+00 1.357244144590570523e+00 1.845164754846022159e+00 4.368247221268519276e+00 1.233803672709626431e+00 1.452833673146443738e+00 6.480884729673013211e+00 7.315430904472343121e-01 1.921132840056565816e-01 2.607026254282429818e+03 6.554781631848965162e+01 9.520928656361982576e+03 3.899167054864000903e+01 6.350966512335800473e+01
3.188724816261875539e+00 6.771384627774091669e+00 2.946289434571997656e+00 5.241551925956635216e+00 4.226815791338125905e+00 1.411612877980716885e+00 5.827202237008264341e-01 8.064927663766884081e+00 1.405679070385077001e+00 2.271880699869714082e+00 2.470309037759293336e+00 1.341683462876985811e+00 1.041060515508594131e+00 3.491190453484268374e+00 2.302508779923026161e+00 1.644843889909739509e-01 6.512246591881063978e+03 2.201553633562039352e+02 6.950748210841808259e+02 1.643808658096430690e+02 1.128506853937361427e+02
2.000534325536539093e+00 7.443917445623698725e+00 1.894554488834528705e+00 4.885308445113479614e+00 4.963603209118218729e+00 1.160570246636690062e+00 2.164084226649181097e-01 7.856986551251753603e+00 1.912500578999381862e+00 2.327585748624924733e+00 2.690643282886911791e+00 1.145187518955111061e+00 1.140724150241534396e+00 8.345114237880029151e+00 2.700522965716587009e+00 1.202423461538179306e-01 1.384217079634685251e+04 1.683186955987079330e+02 7.645722902941068241e+03 1.389412661175181825e+02 1.505953146855178488e+02
2.990135388034675934e+00 3.178403957743396901e+00 1.382045872386930885e+00 3.058485612474961535e+00 4.773995206726734608e+00 1.138794084516596472e+00 2.644037311354195952e-01 2.824367826595572950e+00 1.384745706283086353e+00 2.583609716795280953e+00 4.766549384037055859e+00 1.071436864977094228e+00 1.519121445351655275e+00 1.735134305173740232e+00 1.024561566039418059e+00 1.370220524735268619e-01 1.026322282497245624e+03 1.531807337617061471e+01 8.273500256828119745e+03 1.977647984852176251e+02 1.486750022903009665e+02
1.589549469201192000e+00 3.708524096609117304e+00 2.177195178951362386e+00 5.950865776932717566e+00 5.723246569417140606e+00 1.175539851154302706e+00 5.729359307698255188e-01 1.293408523948401001e+00 1.880885754729815007e+00 1.886753204848692356e+00 1.073381434820281921e+00 1.126336240205225492e+00 1.754363855038396203e+00 1.273755909148316823e+00 1.059833095305138029e+00 1.491855328924930613e-01 3.336695653185591709e+03 1.827476575220723589e+02 1.117863641516076677e+04 4.956692056882143049e+01 8.574310053303776158e+01
2.538991410086948619e+00 1.638561191104278558e+00 1.773667729572601548e+00 2.732261274820417807e+00 3.119375752974905769e+00 1.107504674299596870e+00 1.561229342465007275e-01 1.669203746385667042e+00 1.512358945675602584e+00 6.725124110834473923e-01 3.626133858330256921e+00 1.485809337651988304e+00 1.992671092926755261e+00 3.778331509465976623e+00 3.080320286618516867e+00 1.499619737269208275e-01 1.184489547801449407e+04 1.160960685661295884e+02 3.601260672516886189e+03 1.684116716525884101e+02 1.195024392301723140e+02
8.124624146338594866e-01 2.677267914326682430e+00 2.635337855472906554e+00 3.840962824316313196e+00 3.030650599535087864e+00 1.494892457460362589e+00 5.549374701306617474e-01 8.241526918441671512e+00 7.732311020908577692e-01 6.519121409440011838e-01 2.246274164267975770e+00 1.010067666714879575e+00 1.245224721861140749e+00 7.755293989541182320e+00 6.653322509651427019e-01 1.226791448134198631e-01 8.122662073957489156e+03 1.697281527511164541e+02 1.012175653513280668e+04 7.673682740826353665e+01 1.815239749605965187e+02
1.894870306171924534e+00 7.594776896006120381e+00 1.226087830488901353e+00 4.593513501692197742e+00 3.797743489743388157e+00 1.293049598771714992e+00 3.067495369626552781e-01 4.631345230617640141e+00 1.139728243711338962e+00 2.897581553412464928e+00 4.393724083655964563e+00 1.238881357128573502e+00 1.288568076888007452e+00 7.837313584719431958e+00 5.527155069570307555e-01 1.971900377402033833e-01 5.495285998621478939e+03 2.317638835061023883e+02 8.648900738219101186e+03 1.010363457139103929e+02 1.225336004025371182e+02
2.440183563978938430e+00 2.412468103064467240e+00 1.064494499294554419e+00 2.152191301076898711e+00 5.112347729031512245e+00 1.549729136968062360e+00 7.583858202448233721e-01 9.288180759460857416e+00 1.373938544364453174e+00 2.784381808107442957e+00 4.327933999653817310e+00 1.045639918726051887e+00 1.475743124851508048e+00 8.257927558311592975e+00 3.867710727970365081e+00 1.679962938480022427e-01 6.609024855884023964e+03 1.019769758638200443e+02 1.100093540637424485e+04 3.321588375736973830e+01 8.806640544468407938e+01
2.982000455728374355e+00 2.566529920547204302e+00 1.490855968927561337e+00 3.942916315762102997e+00 3.592222292655259608e+00 1.369333678361220441e+00 4.110086448792276137e-01 9.401537202256793790e+00 5.100718639178183356e-01 1.981508319947803187e+00 3.322816958896555484e+00 1.116681749808395185e+00 1.090408076809338489e+00 3.656767530103947283e+00 7.631692312720657068e-01 1.512739240567283205e-01 1.206368189006693683e+03 1.519718364424951176e+02 7.445133575920989642e+03 1.084352171390625443e+02 1.888856425103917900e+02
1.627980881732882246e+00 3.182846127616395737e+00 1.659748853282022152e+00 3.528552917129352373e+00 4.887966923330705704e+00 1.522778035621102255e+00 2.872305127019774140e-01 1.432918452972096190e+00 1.411611998318030636e+00 2.504406405418544423e+00 1.198242688353327923e+00 1.460696912541869619e+00 1.685374717405349498e+00 6.271263978969065178e+00 2.346097701690011750e+00 1.714441331115141853e-01 4.222239358128719687e+03 1.697236739294756092e+01 1.736767517130098440e+03 1.605248889215327779e+02 6.864795278133769330e+01
1.026630496345991572e+00 4.063744591919940419e+00 1.628721859791673499e+00 2.952907731937363778e+00 4.618108394307885334e+00 1.210306225738825514e+00 7.634557425792236618e-01 2.358495377277828098e+00 7.610357105979075332e-01 6.898979830679196068e-01 2.814051040705146889e+00 1.133068964057065253e+00 1.811665794516262418e+00 3.142153421831586524e+00 1.006551090582539665e+00 1.857721512539430297e-01 6.239403951685651919e+03 1.654468875147210269e+02 6.201341668461135669e+03 1.371780418949334717e+02 8.835889202305733647e+01
1.247485349916318542e+00 2.316207172599622055e+00 2.970130346553113032e+00 5.204049129469202839e+00 3.303144037554513801e+00 1.847343715739194092e+00 9.651625795498666172e-01 2.500761021074974444e+00 1.487883685978614867e+00 7.558893856191473137e-01 4.622558847407964855e+00 1.284922135549418920e+00 1.935722868657862694e+00 9.336773061900657922e+00 2.168461594829596883e+00 1.358861115900264205e-01 3.769067451918429015e+03 1.905312816542336520e+02 2.902098669681572119e+03 2.735144132745000789e+01 1.531139683461691448e+02
1.888681690716830675e+00 6.109320422732620770e+00 1.427099342417922578e+00 2.580676066196994078e+00 5.011149460004467926e+00 1.978442583980463354e+00 4.935151125701521257e-01 5.418863506661756091e+00 9.904886743582544950e-01 6.076234367516366586e-01 3.764903978770767878e+00 1.033694317311412592e+00 1.437783495146214952e+00 1.918556132083739874e+00 1.412880548176653317e+00 1.056684113078251164e-01 1.410535452216268641e+04 3.355534660910583966e+01 1.452497412344687064e+03 1.540662011926149546e+02 1.477526831647908239e+02
1.685630696852316923e+00 4.162654781445572105e+00 2.289976994610777972e+00 3.649546514396995178e+00 4.358231611007294504e+00 1.959406976983817383e+00 7.209556005909081300e-01 5.731834841558662852e+00 8.202355842514356121e-01 2.138548454014008282e+00 1.475094312036746791e+00 1.193828182103519042e+00 1.762896358934568752e+00 2.833960845291927377e+00 8.110266289390763994e-01 1.967710083748127059e-01 1.158528207286306679e+04 8.952126536980145488e+01 2.744601718759213782e+03 1.442072937276248581e+02 1.807245253408365784e+02
1.292937635739829672e+00 7.696055499209217388e+00 1.244479819994463332e+00 2.328187263678660024e+00 3.733932850347507326e+00 1.719014736333601245e+00 6.235856974628996019e-01 9.246725175828492738e+00 1.209559898362403851e+00 1.728272235215488895e+00 1.889615725172805405e+00 1.161400957189120398e+00 1.556190780233347670e+00 7.669582211459983867e+00 3.707694096215246482e+00 1.668513346929129670e-01 6.437707355909584294e+03 2.158131991541002037e+02 1.083228196567932355e+04 5.486054352714107551e+01 6.130911057964471667e+01
2.355904028813492701e+00 6.269262890798815491e+00 1.736494351375316159e+00 3.730950096375347691e+00 5.559198851665602348e+00 1.096674505823846069e+00 5.494143498782305679e-01 4.291235267689318178e+00 1.458428662101204809e+00 1.066459305785863787e+00 3.600902563372020193e+00 1.112944346986690425e+00 1.839651122492265145e+00 3.383656273043763818e+00 3.102198070914083949e+00 1.161550892974547999e-01 3.061232489848339810e+03 6.397372735971833180e+01 1.017011337799445027e+04 3.609436299388714531e+01 1.626654269705512661e+02
1.214655929811228718e+00 5.829197725049368728e+00 1.516421792875206842e+00 5.346543372516521231e+00 3.792843856413222525e+00 1.236176539577686473e+00 3.216451960783382469e-01 6.119871027699884891e+00 1.305343604161254278e+00 2.737534368775100369e+00 4.979622190133240700e+00 1.405634876658737653e+00 1.924785420831769178e+00 5.755746672991945090e+00 3.670667641567890715e+00 1.789988084967952808e-01 4.476951574637832891e+03 1.800439607438316614e+02 4.454311240240942425e+03 1.810817603310334789e+02 1.436420897884248120e+02
2.865358800266140982e+00 1.667206783340724252e+00 2.066226696436641141e+00 5.630929883717191942e+00 4.053231138597708672e+00 1.028854820231736023e+00 2.572191047275561582e-01 2.214815034903616642e+00 1.268880959095023409e+00 1.343213014663127591e+00 3.485475083645708239e+00 1.280296692009866621e+00 1.858632946505544892e+00 3.406090632898465032e+00 7.603146006398975310e-01 1.663810571872151867e-01 1.024896977676028291e+04 1.436590066372753824e+02 1.133990593726534098e+04 7.231049088616512677e+01 7.517670394110393772e+01
1.849893167036828823e+00 7.218747460505127833e+00 1.980559077027289616e+00 5.361935327011144281e+00 3.694151534144469728e+00 1.867748989665413362e+00 6.725298713190855926e-01 5.233757085017623822e+00 1.777203716561349678e+00 2.395631660818291930e+00 3.397124145564845321e+00 1.173152096362436447e+00 1.124485269546242838e+00 5.501747937451762382e+00 2.256158356951175836e+00 1.562821395468530494e-01 1.120690723481600980e+04 7.471709152734352699e+01 1.039920399246756642e+04 9.238570582057448632e+01 1.664933813642843177e+02
1.354646730358769702e+00 1.607311934674116705e+00 2.781733668477786914e+00 4.114898071703052551e+00 4.120133565359051175e+00 1.640603220879941038e+00 4.358207512878654599e-01 9.477344276499719555e+00 1.104364283720992823e+00 1.497412091760720987e+00 2.087689134535414937e+00 1.426044952726861936e+00 1.085974740220575274e+00 8.099433103124503930e+00 2.046552461523896582e+00 1.559660482648252966e-01 5.976630764895938228e+03 7.034311997461682608e+01 7.511503459728056441e+03 9.147829825963820838e+01 1.246597674791654811e+02
1.184734358876616600e+00 7.726050088277451877e+00 2.563909417990085871e+00 3.431043605568913968e+00 4.813913608156815904e+00 1.609059062318697553e+00 7.746398780328911382e-01 6.719506906070717100e+00 1.135306970844889074e+00 1.185253527205110569e+00 2.218689946911355015e+00 1.370166016811958043e+00 1.792723259356599597e+00 4.035789768394906218e+00 2.610919900764018919e+00 1.026958320589165946e-01 1.021523112059160485e+04 1.883026113181371386e+02 3.698322059118733705e+03 1.157596654838129666e+02 1.322279669163031031e+02
1.222044559303868461e+00 2.641159287788535703e+00 1.668078345885928293e+00 5.978525829789418822e+00 3.248003154225384659e+00 1.116014957159951582e+00 7.422754134819623539e-01 5.528948300226741885e+00 8.126940479907652781e-01 7.125040421188916229e-01 1.256819394275903834e+00 1.154806741614069043e+00 1.162844124575808324e+00 4.086451934928696517e+00 3.936991501215355793e+00 1.106428577190778639e-01 8.291097333722445910e+03 7.299803547219701727e+01 3.192212358546104497e+03 1.369171947425826943e+02 1.757921816904322441e+02
1.936403571932511891e+00 2.378327284956851528e+00 2.471547599223693048e+00 4.234242542888134508e+00 5.522482682360907447e+00 1.035077789103219015e+00 1.850757080760527251e-01 5.228030162035604000e+00 1.756216768923705818e+00 2.045133545663496477e+00 2.844073421372418142e+00 1.022495524500540487e+00 1.806348524920984744e+00 5.882836746676302297e+00 1.303386375889992621e+00 1.936373002470455629e-01 1.149938346288613866e+04 1.354125462257222239e+02 5.122302848240781714e+03 4.456700735675202907e+01 9.260748665705447991e+01
9.244848853317400028e-01 5.048616747551054829e+00 1.140284422982459356e+00 2.402946187807470935e+00 3.931959297988150581e+00 1.377192200239619968e+00 8.249047598979042384e-01 5.459620753253750181e+00 1.534323903181210147e+00 1.608212307688423603e+00 1.830822213445920887e+00 1.103204161680275242e+00 1.601998220765816328e+00 4.981094846119854758e+00 2.865156299148508001e+00 1.365934149652316132e-01 1.263278691130226071e+04 2.345783447402627644e+02 6.473224566057121592e+03 5.710595369993637860e+01 1.275225459872061293e+02
2.840008468564794164e+00 7.527288938937122253e+00 1.677099022601674427e+00 5.321972113305614371e+00 4.503138545978185192e+00 1.771415077561121265e+00 1.328307843519775100e-01 3.509377926070611053e+00 6.819977688589486942e-01 1.702058200440837332e+00 3.801148189979084435e+00 1.040538265923518946e+00 1.414946799413971945e+00 8.938529430981152046e+00 2.125697468954965252e+00 1.019737155190683225e-01 1.649701370715977646e+03 2.422270488337029235e+02 5.383214421560216579e+03 2.652276064135282141e+01 6.712902049168391727e+01
2.095321449765566335e+00 7.805655687349446481e+00 1.531438905130963590e+00 3.575781842803425370e+00 3.425894484689528507e+00 1.601153246937933705e+00 2.954086453141303581e-01 4.517370617445280345e+00 1.292252945721077628e+00 2.402092378646889959e+00 4.248242494230455080e+00 1.014647320444018286e+00 1.666298420762104104e+00 9.947671384007321649e+00 2.970385559152684873e+00 1.072930825893591983e-01 9.228641535845716135e+03 2.610370422104638237e+02 5.533721990486141294e+03 1.421091724010581743e+02 7.328688194055149552e+01
3.113410646379168867e+00 7.472379438339261881e+00 2.608727317490857622e+00 2.343562133510384893e+00 5.741582492058290299e+00 1.599443481273690626e+00 9.117755445635249423e-01 6.774042050818930960e+00 6.749158270632278356e-01 2.996129084945163168e+00 2.051578986245614633e+00 1.136921237443592636e+00 1.203838869810659018e+00 5.258814216006983955e+00 9.036729450879126269e-01 1.749402001184832689e-01 1.274004818383818383e+04 1.786537094732672983e+02 1.206404703229720690e+04 1.787920291790431122e+02 1.571589644975386477e+02
1.546933077544097035e+00 5.524993876011489391e+00 1.972209601470738871e+00 4.782276302524321565e+00 5.026217902249402236e+00 1.348168799661084272e+00 6.537513817467691668e-01 7.695448351409063470e+00 1.436823642854183625e+00 1.910102781345152323e+00 3.317443404716061028e+00 1.366139073162467410e+00 1.294866614386540160e+00 3.472054422391516404e+00 2.146882493826056226e+00 1.588424630485860689e-01 1.254533324666074986e+04 2.011596253637008545e+02 2.802984552504786734e+03 1.132537574402016247e+02 6.278958168762290626e+01
9.880466743465998736e-01 7.613487803665627496e+00 2.532937340147859651e+00 3.188753993203103043e+00 3.816454733562668622e+00 1.308533910308014026e+00 5.404573043419885758e-01 9.727707337742284466e+00 8.958199077093210727e-01 2.437582491592207745e+00 4.292556919508360380e+00 1.289003396073375107e+00 1.553713141257780705e+00 6.040499856677453039e+00 3.780469171401441564e+00 1.963247235546845548e-01 1.391518156932460079e+04 2.849724831731879817e+02 4.137783905745251104e+03 1.917768265563251191e+02 5.993650720279751454e+01
2.785546494129302886e+00 2.257719687539921249e+00 1.193364749968830019e+00 5.795415354255515794e+00 5.872814341768140878e+00 1.198281755346049415e+00 7.703692984605564620e-01 2.023291479195990838e+00 9.407676668076286886e-01 9.224599669111261946e-01 2.798924106887531238e+00 1.181874507838501120e+00 1.148061812987360542e+00 6.888546563997959282e+00 1.508863869369064803e+00 1.180917895190198574e-01 8.377671053753671004e+03 2.442416125042391570e+02 5.601551500179024515e+03 1.992286843815168709e+02 5.793887285511752339e+01
1.541757982039919206e+00 4.222836528853812332e+00 2.570150294695255688e+00 5.595867859769363406e+00 5.786841813042631344e+00 1.390572164136162359e+00 1.513219983160426219e-01 6.853448450180660956e+00 1.626137626413971526e+00 2.725710774334110909e+00 2.626199947196806939e+00 1.222464302697059191e+00 1.594380116499658051e+00 9.482608086987097451e+00 2.643804148669074650e+00 1.636316687609023490e-01 1.497578793479171964e+03 1.226031608307200003e+02 3.833907399269010057e+03 2.581573754847845947e+01 1.905719895615739574e+02
1.148259518260583700e+00 2.955933030142676277e+00 1.823929359449354859e+00 2.613779635007910329e+00 5.093289076817580252e+00 1.382109096315024876e+00 6.628404387109004814e-01 6.010414122817286042e+00 5.520129499699573117e-01 2.882980040012564249e+00 2.744813980549426713e+00 1.471758966038638761e+00 1.105747849854874953e+00 9.763741019448980651e+00 2.562195048815712806e+00 1.132573268780818765e-01 1.420709376547978536e+04 1.248630529181441773e+02 1.067272375210746941e+04 9.584850097445051631e+01 5.350971211804240113e+01
1.558115936501636600e+00 4.759441674495763053e+00 2.460502811931371880e+00 5.890572283822843147e+00 5.884902920956044170e+00 1.003942951009529905e+00 6.080641025647056663e-01 6.976038952777011026e+00 1.230923061446158151e+00 6.179744807561617925e-01 3.846760012315796118e+00 1.393250555007040203e+00 1.275612603428836422e+00 7.166090738115072689e+00 1.344980448944256057e+00 1.862881186549139034e-01 6.865633161698619915e+03 2.514660813986730830e+02 3.046822687864196268e+03 1.271024845128882532e+02 8.195507158549760618e+01
2.280658701615787542e+00 3.725812928493915432e+00 2.748171635639710786e+00 4.364551682613152295e+00 4.148908511236021113e+00 1.501592412019544298e+00 3.943505711826670312e-01 7.136842512455287668e+00 1.658202359548754057e+00 2.961796147025523851e+00 1.349783601661173948e+00 1.068385111169846580e+00 1.782860470082245019e+00 3.534572746870135784e+00 5.418732479253400847e-01 1.598494809466922406e-01 1.204544668003750849e+04 2.919882068749021755e+02 9.162211358689914960e+02 9.470665141505706686e+01 5.533324600427054207e+01
2.779718409150534697e+00 4.698150779578885050e+00 2.660856107352543187e+00 4.126533519416494933e+00 5.043000931211880200e+00 1.954379518089007117e+00 9.840225088617599036e-01 2.790865543870186372e+00 1.166588548712551354e+00 1.173628157374138503e+00 2.936658956872312931e+00 1.072861576520581783e+00 1.962369221703567757e+00 7.143480321768162611e+00 2.210726728889670589e+00 1.291870327139762187e-01 3.934895392397853357e+03 1.063084841681257018e+02 1.275801439233810925e+04 1.206582445239268537e+02 9.280676362475463748e+01
2.055456319308325952e+00 6.671293196735256004e+00 2.034184181107523415e+00 2.229642844858342521e+00 3.563673661179042718e+00 1.924063601776611510e+00 4.236366347060069870e-01 5.056352145227635653e+00 1.126651389427494765e+00 1.632066514748868435e+00 3.907494388293243137e+00 1.397088377946500426e+00 1.195322587859110719e+00 9.544468256963888564e+00 2.626865060172185462e+00 1.300639694827344650e-01 8.820964845673479431e+03 2.930730130620156046e+02 8.525765452253176591e+02 1.105747525421988371e+02 8.271376751868801591e+01
1.514226469988498636e+00 6.693584489396068093e+00 2.396537385042567525e+00 4.477526121761352229e+00 5.547427535084619166e+00 1.616024721369770045e+00 6.920488314293560261e-01 7.093301514080489589e+00 1.922076038929968922e+00 2.688596710796097966e+00 4.754601922191488583e+00 1.342522900901514937e+00 1.464518891017295932e+00 8.194164299514213212e+00 2.386233775829877057e+00 1.978336843852804838e-01 2.750093966139240365e+03 2.101501121491334629e+02 1.181742883083506968e+04 1.834041421075374956e+02 9.627698791126297806e+01
1.402931631474273688e+00 3.810615841325525111e+00 1.171136285776966934e+00 2.678653464478975454e+00 4.761801434326546456e+00 1.190288889095602043e+00 5.526356680138797550e-01 9.894663515250957886e+00 1.705626261191636850e+00 2.749118969111459698e+00 2.367536521397449967e+00 1.002337338528606292e+00 1.481218585598739867e+00 3.891004237373330010e+00 3.258045198129451592e+00 1.720625035036172368e-01 3.974185371821577974e+03 8.682619719158978455e+01 1.233994854285755173e+04 8.565136378599083855e+01 1.713370615545036344e+02
1.370579685355973742e+00 5.806876447081696924e+00 1.087911017802039471e+00 2.534674163937721492e+00 3.168285183225772350e+00 1.559405885166118999e+00 7.897737071715830171e-01 8.853308910988126001e+00 1.952818005914564781e+00 1.554722330514986872e+00 3.656412610415735287e+00 1.086114043369662330e+00 1.417070794249871257e+00 1.841945206353179598e+00 3.850002515296442329e+00 1.361062542352442783e-01 6.680246116023474315e+03 7.194132123963390768e+01 9.954558809096000914e+03 3.053727250623495948e+01 5.112874771791584294e+01
2.023613208038600675e+00 4.771894453299101002e+00 2.511349066085833748e+00 3.962368449566499251e+00 3.841160576887568290e+00 1.405445995040774276e+00 1.859705813808093799e-01 2.905797759373357714e+00 1.415336024450091434e+00 2.805547660312963210e+00 3.149467151427996381e+00 1.313977308593059057e+00 1.233305035032794095e+00 7.482271946731578360e+00 9.801831523187983786e-01 1.349730967218426836e-01 1.049014911325112553e+04 2.895283257933905929e+02 5.481824567901359842e+03 9.723230177848533629e+01 1.326317367065053077e+02
2.807871150526312753e+00 1.547521976660258813e+00 2.278420245183282233e+00 5.721880755747182690e+00 4.978285829661876605e+00 1.437144214702763989e+00 2.998384559161875185e-01 8.885888703897315111e+00 1.894198118765501260e+00 2.308683230682339715e+00 4.432285869227877484e+00 1.436770440273464455e+00 1.270399288593184295e+00 3.027006601770972249e+00 3.337477333785422218e+00 1.820374847665719165e-01 4.537210376952820297e+03 1.727492200911497662e+02 4.021726313959162326e+03 3.410692212685000868e+01 7.090354242819081776e+01
1.634720652644214400e+00 4.575607232103216404e+00 1.783908066153683469e+00 3.035960049197464539e+00 4.562901396631684925e+00 1.189130658516131200e+00 7.336663887887140412e-01 6.254403268313237341e+00 6.257220942743247916e-01 7.811331427465586508e-01 4.648212750359032697e+00 1.025363629364490770e+00 1.773711727102278424e+00 4.942553731765903180e+00 5.158681400214010226e-01 1.570397592176934476e-01 1.114278598143820818e+04 9.996288837880955214e+01 2.478498994009526086e+03 4.060210591445220984e+01 1.635915548141323939e+02
1.763211730429007584e+00 6.230374393614962258e+00 2.892508402890871189e+00 3.112795198202103375e+00 4.263674003396888956e+00 1.285696350576815972e+00 4.386341305274373825e-01 5.278753875010652408e+00 6.945315079250873325e-01 2.521503446681807148e+00 3.169517045654790532e+00 1.433908152017834281e+00 1.169172968061178874e+00 1.595691191542399689e+00 1.446768591514918878e+00 1.211919119002161649e-01 5.322970723149818696e+03 2.087855281167220056e+01 1.129926201265344935e+04 7.580510757267649069e+01 9.805305579784388215e+01
9.712722451088167119e-01 2.017970697312803985e+00 1.119966147523542732e+00 2.248652509533478394e+00 4.101609125000024392e+00 1.816897127870304329e+00 9.014455747939942309e-01 5.614633799996785690e+00 5.420282736839187043e-01 1.372537913867860837e+00 3.289701394424592529e+00 1.496431313390697238e+00 1.693926714873888129e+00 4.364479454976015305e+00 2.035177782683459391e+00 1.839757849758784092e-01 1.133819629167994935e+04 2.985786191379182242e+02 7.392249972002561663e+03 1.303318481330850318e+02 1.100898938219779666e+02
2.105673165180856898e+00 7.421176822703952070e+00 2.967958722976253849e+00 3.665000801252857432e+00 5.751395557613226295e+00 1.086177944568597065e+00 4.505143223703136357e-01 7.942008684983998812e+00 1.033671435764302204e+00 2.419117158824589442e+00 1.024124478229388346e+00 1.328195835466549735e+00 1.433415994806228611e+00 6.928846908013611028e+00 2.480704746555979057e+00 1.534752008989845873e-01 5.351768535837899435e+03 5.051721587400280100e+01 8.718614157708874700e+03 1.827980531377561135e+02 7.810781491624101136e+01
2.169817476257562827e+00 2.334518471179644283e+00 1.550063500603210187e+00 5.661096195396382313e+00 5.229057321925723478e+00 1.960538534602006333e+00 7.817796701534496240e-01 3.659532547939597258e+00 8.384800252100710338e-01 1.302726157412532615e+00 4.465575615489306927e+00 1.323364602668222867e+00 1.281908870946544043e+00 5.097203577715310630e+00 8.267713457601887361e-01 1.763281312546071677e-01 4.299475007244493099e+03 1.664828478151266609e+02 4.234520661100970756e+03 1.223719007680972624e+02 1.868150255178042300e+02
3.180967607269810316e+00 7.939141596520011390e+00 2.860858608359684307e+00 3.360891945094486744e+00 4.740303706337815726e+00 1.419336840414108902e+00 4.047037403733406702e-01 4.798976927879801124e+00 1.834317925587829023e+00 1.318095112472139840e+00 1.006361840117097950e+00 1.320129728202518393e+00 1.013623059091554479e+00 1.267383639808532747e+00 2.140067030130475612e+00 1.957960037921597785e-01 1.005458580532061933e+04 4.276189440344327863e+01 1.087903274335486640e+04 6.671482648375393865e+01 1.945278683520683387e+02
1.737414145428854306e+00 6.390751108441785178e+00 1.251873209216229910e+00 5.037060250068307710e+00 5.488350975479837857e+00 1.525581923364880854e+00 5.972583195129820277e-01 4.717063838457081104e+00 1.720606779914268136e+00 1.656671120531437946e+00 2.344533620031670207e+00 1.379240955097828181e+00 1.176372494031170168e+00 8.700909212549209570e+00 2.431417906965056108e+00 1.717061803995462710e-01 1.570046725611612601e+03 5.556187131650012390e+01 7.597844222699047350e+03 6.993612713290164606e+01 1.985422447420566812e+02
2.130817948790189487e+00 2.446579224940433672e+00 1.911638467105628791e+00 4.610366326006785087e+00 3.757500145941701675e+00 1.508894567730879377e+00 8.569530253740673675e-01 5.696230959834552188e+00 5.867473319606687499e-01 2.371132639975606526e+00 2.150653223671502356e+00 1.358902243429423118e+00 1.637594487011122535e+00 1.771729469123499268e+00 2.766088505339728165e+00 1.502257671409673867e-01 5.581491373201582974e+03 2.761909355825320631e+02 9.198450092617884366e+03 8.747279737409394329e+01 1.619380354731837031e+02
2.586325377708711848e+00 3.231211168068911732e+00 1.830357169786525962e+00 5.701121113813984564e+00 5.372749807332455774e+00 1.928422591053440271e+00 5.671221327838611437e-01 1.857635022619782417e+00 1.663116333311612793e+00 1.255927041315460180e+00 3.110388646749900232e+00 1.350037581305144396e+00 1.379329471238334159e+00 4.800960435565871265e+00 3.595806684382645724e+00 1.918315686721642210e-01 3.242325437669373059e+03 1.283276154591843010e+02 1.159710131646804257e+04 1.437316782716117132e+02 1.262315386096420013e+02
2.295241989544064332e+00 4.841628010066932220e+00 1.203307796174326816e+00 4.420026891160031113e+00 4.307670893328857886e+00 1.966101885562581142e+00 8.088318704373174128e-01 5.150158066323361261e+00 1.955209201192940061e+00 1.835770179396452484e+00 1.385899817288701819e+00 1.244018800734610686e+00 1.125626015510783562e+00 6.188901334766316431e+00 2.654295355210178453e+00 1.699342416349881590e-01 7.227731736743329748e+03 1.181114554231859159e+02 2.263642493194475719e+03 7.535011915425049267e+01 1.832925708415652934e+02
9.561928276301676632e-01 7.989239092824389488e+00 1.351247132343044166e+00 4.004279230709014925e+00 4.132800897110680438e+00 1.741318106045082414e+00 4.705493232401648518e-01 9.199579128290622521e+00 1.741462555569875503e+00 2.028686676223314223e+00 2.286562907045764703e+00 1.402100908567232906e+00 1.226001885131735358e+00 4.420399969392596162e+00 3.663246121454685422e+00 1.543329675134363088e-01 2.509826079005258180e+03 1.964273731266199547e+02 8.999999286604350345e+03 1.931878895507830407e+02 1.660108327067115965e+02
2.510759376093734119e+00 3.371645136501780993e+00 2.490653507686082513e+00 2.908989310168134779e+00 4.647648138817164210e+00 1.764790666213555292e+00 9.093695467384496078e-01 7.370432042021086261e+00 1.176473035626361519e+00 1.107569029189652721e+00 2.700339105477790991e+00 1.063206540038601045e+00 1.382020068502050281e+00 7.531385720441182485e+00 1.705741538830811921e+00 1.594070753402992147e-01 9.626074917656456819e+03 5.246432892309753271e+01 1.875079992412090633e+03 1.584786514627159306e+02 9.172045636816403658e+01
2.615341307326617404e+00 2.914804178666601686e+00 2.845216037120728458e+00 4.313640914746613042e+00 3.080781878216788616e+00 1.628671276782553967e+00 9.907185667356749326e-01 9.097991709489745560e+00 9.340058571129823406e-01 8.128043324547565840e-01 3.222092153218842459e+00 1.080830102353004696e+00 1.174485387970050088e+00 5.997160586515963843e+00 1.033832099018195949e+00 1.148324304720751143e-01 1.173076759029781169e+04 2.029028132053900038e+02 1.094095118303938580e+04 1.264587814152629051e+02 1.603016196222385474e+02
1.575000469218220900e+00 5.996636412411396222e+00 1.324329456625492618e+00 3.771063547793851445e+00 5.385497977795719926e+00 1.358736583343396642e+00 8.397121862186287533e-01 3.025747647084411796e+00 1.612282045774986461e+00 1.855666002971926520e+00 4.608785354734449946e+00 1.196508780970257702e+00 1.930944924446745148e+00 1.423862265972016594e+00 1.594870485888030043e+00 1.899179557497438775e-01 1.467236914675207481e+04 2.561808046152457337e+02 1.124329031102072076e+04 6.183236233055955466e+01 1.032684358539184615e+02
1.425554183083819648e+00 6.293525853254950064e+00 2.727163306970632028e+00 3.517793004028436421e+00 3.213409926433966390e+00 1.713107866416979652e+00 1.463766899047755365e-01 9.352509350920749753e+00 7.287018766832988881e-01 1.704298420436017647e+00 4.725294697602615557e+00 1.476748135738287671e+00 1.820637211537420086e+00 5.785198485437370586e+00 2.902632641482119524e+00 1.948038982884719161e-01 1.356592291890376509e+04 1.314870578679144728e+02 6.137937113020468132e+03 4.296510660000168969e+01 7.744644401843966364e+01
1.975361923100509065e+00 3.669123427298948581e+00 1.167753578638699663e+00 4.205999591939377780e+00 3.269423093130014113e+00 1.827969453976475922e+00 5.356346419774635770e-01 1.001369319520112988e+00 8.485710904801389010e-01 8.431077039784004024e-01 3.730103547181404799e+00 1.005786053704660121e+00 1.568721219295668545e+00 9.386907541783003239e+00 2.100637970335244020e+00 1.607724743255357081e-01 4.206492325410984449e+03 7.848330376581216683e+01 7.247965087443497396e+03 9.597319538537318806e+01 1.550592934489430945e+02
1.330283650663239170e+00 1.513863851859551524e+00 2.298807137505494147e+00 3.064412390414050336e+00 4.250448902778925842e+00 1.788147344666237482e+00 1.442022957925261917e-01 5.917692611867951591e+00 7.906478142080932692e-01 1.626238691872926356e+00 1.860881605457953336e+00 1.423116045382193606e+00 1.737452986842937364e+00 1.364166037393170106e+00 3.296229691643505877e+00 1.826891630591884752e-01 5.853118422293635376e+03 2.294066563883301058e+02 1.032007610456677685e+04 1.513150262838899494e+02 5.737737198148210638e+01
8.521642555916346673e-01 4.376741639018810304e+00 1.962997511984471366e+00 2.114541128469384468e+00 4.483504497685613543e+00 1.592442920131132311e+00 3.568116428497513093e-01 9.119053541802633944e+00 8.870002473510476548e-01 1.415088916076849390e+00 3.268597072319554542e+00 1.031890231478935771e+00 1.977066923887619065e+00 1.492558027896530026e+00 5.876976192133231969e-01 1.708096660701386993e-01 1.321083601985992573e+04 1.589086911586440181e+02 5.871156276705748951e+02 1.718220652537441424e+02 1.524279771330751032e+02
2.819863108215868053e+00 6.435332128091181048e+00 2.682253314970413971e+00 3.909608885091838015e+00 5.265542840141867131e+00 1.544328622404681717e+00 8.228154644164680231e-01 2.348595679081446175e+00 1.803311525864307985e+00 1.813390565627885920e+00 3.098785748661212036e+00 1.454411419731608257e+00 1.878986990603773277e+00 6.761783081525364558e+00 8.807469660966291691e-01 1.081542679110025912e-01 3.588644561110157611e+03 1.963910224050311371e+01 6.652158788670252761e+03 5.401414654486898570e+01 1.443670477353786623e+02
2.561530844845735011e+00 6.719872506801189971e+00 2.057185053284043885e+00 5.519517618040348239e+00 5.604934462061137879e+00 1.747671048372642311e+00 9.536858335835832756e-01 1.971626775433606316e+00 7.326626437768508637e-01 1.456814123322641041e+00 3.869872087379541803e+00 1.272371562104545717e+00 1.333191500877144442e+00 2.652049361812061079e+00 2.832432632970324438e+00 1.982950490688686618e-01 1.490807134849028080e+04 1.988998029414618429e+02 9.935328121223399648e+03 8.241232134682211097e+01 1.924654308307547410e+02
2.403860879294887454e+00 5.972565214509817366e+00 2.089302516745719096e+00 4.555530763798852689e+00 3.860013729053741294e+00 1.120985107277999937e+00 4.678520296350259233e-01 4.113640288299453829e+00 9.861463890262913701e-01 2.985668608595080542e+00 2.000516189036878778e+00 1.155886577347275512e+00 1.840157791729470471e+00 7.041404170273541929e+00 3.831193520145426579e+00 1.581813982868185420e-01 1.034099869789407785e+04 1.733517003974168631e+02 2.852919274400876475e+03 1.665937861711650498e+02 1.591550045487444720e+02
2.801005049920031631e+00 3.450441278999003103e+00 2.013295909102996717e+00 2.437952882722275394e+00 5.620870542167377693e+00 1.784914451091704768e+00 1.665222730740077151e-01 8.311044611810151750e+00 1.836772248968752130e+00 2.778981414243768544e+00 2.970191842414169336e+00 1.130205116470039961e+00 1.456899759338500022e+00 9.639858259656453043e+00 1.905106562099553535e+00 1.625793406470234792e-01 4.585946519386749060e+03 1.625851715456118711e+02 6.066420372533316367e+03 1.923778271037661796e+02 1.215178655192137427e+02
3.165785033940651694e+00 3.527899920536453404e+00 2.246833560745150393e+00 4.022218040353310542e+00 5.895283324608951325e+00 1.442511965901163817e+00 7.004421099560067532e-01 5.330024046572515495e+00 8.361282297485146398e-01 2.429947154448112379e+00 1.721371388411803593e+00 1.210522623475690507e+00 1.607996842569293872e+00 8.591567747165026248e+00 5.874331247967174985e-01 1.752511504121878061e-01 5.771500469359974886e+03 1.919287910304390437e+02 4.747147330639147185e+03 1.459809660783168113e+02 1.761280801740140873e+02
2.628902678542990756e+00 5.296155713422425748e+00 2.444232714948965324e+00 4.094333564345600251e+00 4.465503997046590179e+00 1.351754823098312519e+00 3.761405256685247389e-01 3.157144038714986500e+00 1.559549086765960935e+00 1.563203239099177022e+00 4.697809082113250767e+00 1.259648579785678013e+00 1.069685431473663906e+00 6.961524337635192516e+00 1.686122169256419445e+00 1.326673673014607813e-01 1.398302186316836014e+04 2.247021726843875058e+02 6.409644923188542634e+03 1.049460097351613967e+02 1.875573304463042916e+02
8.883147951062976277e-01 3.343618778245356804e+00 2.359780534805472563e+00 3.473328422362301993e+00 4.494852448620889618e+00 1.709121924914501101e+00 8.430797238279559291e-01 9.177038742671296490e+00 1.713121553648977002e+00 9.732386871334656187e-01 3.577873684707841839e+00 1.188297416021893760e+00 1.504270588656532848e+00 4.832305198484130315e+00 2.407884972139206603e+00 1.324159240629323997e-01 1.093025420301027043e+04 2.822475160135842884e+02 2.228932289167461931e+03 1.774234989974465577e+02 1.795697881609533226e+02
2.921964003905159757e+00 2.711301116950478818e+00 1.450081521295506271e+00 5.613159251311743425e+00 3.652602645189964470e+00 1.495378415896904567e+00 9.747171220092316624e-01 8.610015629543035232e+00 1.011861094776263403e+00 2.353751022772355483e+00 3.791702778590947620e+00 1.479848165489372924e+00 1.525130612039265809e+00 4.403039025840020493e+00 7.267160323824042312e-01 1.473569275558347658e-01 1.449081594506192414e+04 1.451012113506133687e+02 2.176517178911148676e+03 1.173294789577927304e+02 1.392333668450180539e+02
2.833667549237447680e+00 3.060867068826194526e+00 1.049485393158473334e+00 5.441582285595407242e+00 5.641258046715153185e+00 1.697079088396622915e+00 1.999467931145639810e-01 3.814852913446836524e+00 1.183421735616818182e+00 1.799058069922000680e+00 2.382130499746845764e+00 1.407988334163428057e+00 1.788021345230510262e+00 4.677778254374105771e+00 3.570602839468727030e+00 1.614305324169638678e-01 1.343701940177151300e+04 2.499937762869471101e+02 2.600283466889452029e+03 9.980160868450700207e+01 6.922093020900938143e+01
1.775141110843864833e+00 3.300011555634396743e+00 2.754669903387838126e+00 2.684907640569456078e+00 5.508341856243113455e+00 1.941629800701184294e+00 9.357546268406516932e-01 1.249728350864307558e+00 8.627254461120970053e-01 2.839238691712822948e+00 2.913138658987761254e+00 1.391528273370074675e+00 1.055269192083141183e+00 8.479526877995985146e+00 6.332017788067365593e-01 1.770200824398824313e-01 9.831290740564631051e+03 4.887968367912439760e+01 6.531215547828966010e+03 4.912038367679139128e+01 7.301443605117719926e+01
1.818075679427816116e+00 2.507186465161892919e+00 2.048085504120316092e+00 3.256688843309621717e+00 4.841788204509017035e+00 1.885414995412329375e+00 6.836422095470565674e-01 5.557016948311110482e+00 9.545520753411280701e-01 8.183768819273030681e-01 1.769670226813819358e+00 1.123785578307280320e+00 1.295660039664540797e+00 5.339958035094980460e+00 3.150670612332948650e+00 1.740478170093932575e-01 1.402374630047981736e+04 4.133405322348734501e+01 9.779779815283996868e+03 1.951539017989459808e+02 1.142219373257678825e+02
2.501141771972709815e+00 7.387922884780182997e+00 1.934819623600354754e+00 2.983660693795519681e+00 4.443430827427162555e+00 1.654568845639179386e+00 3.257324984903247067e-01 2.123296645597660071e+00 1.159542791802872230e+00 2.654467454870644172e+00 3.363558433800005965e+00 1.057867243779707200e+00 1.184776745298850908e+00 4.554734273891362761e+00 2.528755529301916383e+00 1.111714949153655152e-01 1.311772691579505954e+04 2.671487416475840746e+02 4.933513285281906064e+03 4.225081243990431545e+01 9.670882240376707273e+01
1.454693521175935533e+00 2.824850724087957232e+00 1.798810691488202274e+00 2.393967488246196762e+00 3.528029805682970643e+00 1.804749233751809623e+00 1.066149205665814365e-01 3.592011240034074682e+00 1.344692725306942505e+00 1.320054024420001637e+00 1.660000270478876327e+00 1.413054956646908611e+00 1.499109061478203664e+00 6.832856686098498500e+00 2.822443642081793325e+00 1.351321764295582151e-01 6.556871168058320109e+03 2.965788915305999467e+02 7.374887819181409213e+03 1.894946500899212936e+02 1.455380503684120868e+02
2.881534501202565046e+00 5.648993417907558268e+00 1.474593322760228142e+00 3.553257537290733126e+00 5.257814478555908444e+00 1.452747337018083229e+00 5.141032858398231209e-01 7.258777895865819119e+00 1.548902552535218913e+00 2.542939882152485342e+00 1.212977872901830345e+00 1.043155057144952602e+00 1.302452816207312125e+00 9.903841259784336160e+00 6.057343895955563662e-01 1.900426536862997728e-01 5.952668368453247240e+03 1.011808717056248526e+02 6.828824346864439576e+03 1.112416583457348196e+02 1.584154480155206102e+02
1.730866134442019755e+00 1.414710120347202782e+00 2.400874091474112682e+00 5.771409748584286348e+00 5.079387291661676684e+00 1.808298623804768468e+00 4.769380063323989116e-01 3.789822195020956741e+00 1.041802642935641732e+00 1.162292793970348903e+00 1.560212202934547765e+00 1.224360922416730002e+00 1.640699681421229794e+00 7.625493132328117873e+00 2.724266633746283972e+00 1.535346950770239416e-01 1.107388745563901466e+04 2.057292255279085396e+02 1.368919202247443991e+03 9.916795777016984914e+01 5.015696822286965073e+01
2.254921253684601723e+00 4.939647095962682144e+00 2.205274905432075716e+00 2.652078330175669851e+00 5.009073407192126126e+00 1.614806931468279139e+00 3.731717418835392985e-01 7.426684992471154878e+00 1.198982179305678075e+00 1.400509481565280545e+00 3.823953592053086936e+00 1.377367849068255046e+00 1.447280221212672746e+00 2.523267945200474927e+00 1.243346024500836755e+00 1.331033891025350802e-01 4.412674652024707939e+03 1.864119103421506907e+02 1.203949506357730206e+04 5.997072812700489663e+01 1.449076969724309834e+02
2.424160047398301376e+00 7.371679360818594873e+00 2.130871901123329692e+00 2.510290052426952911e+00 5.328508678790575992e+00 1.277046543142699164e+00 1.770026832313851550e-01 7.310297544307955420e+00 1.640887542081767680e+00 2.572356309511664829e+00 4.217917526748003354e+00 1.438306302511012991e+00 1.063093691047242384e+00 5.313875388519203824e+00 3.442034238825356418e+00 1.171662172313120281e-01 2.356718255341577333e+03 1.461644012087453746e+02 6.255015032973100460e+03 8.681099419966309938e+01 1.539076068317969543e+02
1.083448034974858087e+00 6.343491150869615680e+00 1.121942764160097417e+00 5.982803932747486009e+00 4.896666751056967470e+00 1.793733835336799753e+00 5.211617360598845838e-01 3.006444414818949973e+00 1.579195901498668508e+00 2.123556558782912607e+00 2.451572304748134812e+00 1.055453190047986656e+00 1.533545529341603597e+00 4.731770072029640062e+00 2.067374753906218388e+00 1.704559455109778965e-01 9.040824752846663614e+03 2.136241784266453863e+02 9.435296884471083104e+03 1.479996464008291355e+02 8.744310576091052667e+01
2.329604608516334885e+00 6.496548775149216581e+00 1.331989512463273906e+00 3.741217822496445855e+00 3.322943528603899299e+00 1.948950522760324100e+00 8.137130746688066019e-01 7.493511442069630490e+00 1.748627196137021667e+00 2.552380107820305444e+00 4.004155658197241507e+00 1.300190349531319622e+00 1.970408820803116523e+00 8.795062129400712081e+00 1.543276902986062460e+00 1.520449224328713489e-01 9.093572168241335021e+03 3.120633545502803941e+01 1.060817999705865805e+04 6.843200936419088976e+01 1.734439482772632459e+02
1.672152009682116969e+00 7.763455872429734228e+00 2.255723736361861853e+00 3.147043031220025711e+00 4.427154688702207075e+00 1.915374974604675096e+00 7.356555395575039569e-01 2.168666612978326746e+00 1.225944256565796531e+00 2.108584126344555276e+00 1.339851090357726981e+00 1.176192471781821736e+00 1.744314510880507374e+00 6.140727153282280248e+00 2.329419100208706794e+00 1.319191106559811366e-01 6.768356749104721530e+03 1.169103825444023528e+02 4.986161941257663784e+03 1.901860076651646807e+02 1.895428508674249315e+02
3.049988002621106808e+00 4.990802405429205280e+00 1.297869874007934188e+00 3.327756236712517524e+00 5.774633195508356742e+00 1.904344755772420683e+00 5.305173453032028252e-01 2.936319515749827858e+00 9.712004816184141021e-01 1.131311494713839405e+00 4.921363323820566293e+00 1.419438120805817771e+00 1.631793621138692529e+00 4.490738238605861632e+00 1.841043574197751997e+00 1.991275673191668927e-01 1.054773292475716335e+04 2.283663439190620466e+02 5.880650586949675926e+03 1.402169307980505835e+02 1.182506690164275085e+02
2.541996600136470885e+00 1.791131942283234357e+00 2.341159137975019178e+00 5.236709186980268882e+00 3.394056406015321325e+00 1.830434836345121274e+00 4.567663063388783806e-01 2.482813811419605443e+00 9.980420508501599564e-01 2.193864717047493862e+00 4.081398403017004739e+00 1.267647905547091058e+00 1.407246132923851700e+00 4.142278104340515910e+00 3.473386357779833844e+00 1.815673699360629556e-01 1.278978021737779454e+04 1.850882944506805643e+02 7.817362795003720748e+03 5.107561417586818209e+01 1.416619045598590105e+02
1.495577809550798110e+00 4.714719500276130404e+00 1.430577909828971483e+00 3.803923987749655566e+00 4.664074415488762781e+00 1.110777781840822875e+00 8.666322741188215995e-01 5.785649191374393041e+00 1.092688350695358634e+00 1.068977567055292122e+00 1.851481840044211236e+00 1.388620361079067500e+00 1.075316163851993023e+00 5.432771006317318019e+00 1.486005299954461290e+00 1.793045798483386410e-01 8.601177232310597901e+03 2.336993508846190934e+02 9.438039018758263410e+03 1.988692700831596483e+02 1.121893780735482551e+02
2.967042451135716519e+00 1.487873204364943636e+00 2.106622426779036772e+00 5.826699047749229976e+00 3.511997519704697979e+00 1.341747771346857299e+00 2.415861356106646096e-01 9.516117666665207864e+00 1.943092126689462074e+00 2.267334734254159656e+00 2.265026156107433852e+00 1.297997620818616138e+00 1.624442157406515985e+00 1.869251088447099862e+00 2.805805816694460386e+00 1.383464954826588711e-01 9.344292864472419751e+03 2.695485067458181447e+02 1.218234117645775586e+04 6.444545140204304801e+01 7.658021350692754936e+01
2.116879326703804853e+00 2.726290768395323028e+00 1.687133806527581825e+00 2.966602247862575759e+00 3.542866787431885101e+00 1.230099630848215053e+00 6.777370844643066938e-01 9.806715027142987040e+00 1.581378475865213851e+00 8.854126767476582227e-01 3.356435421017233800e+00 1.163389739178915416e+00 1.369466211441961789e+00 7.942172080377797094e+00 3.497824662164104481e+00 1.451259800913665687e-01 1.067668902242932927e+04 6.278818510711762713e+01 4.603319602082549864e+03 1.606850152147226254e+02 1.032064046405079409e+02
3.144929868292281938e+00 6.373862770633540009e+00 2.459859847871789462e+00 4.401657225218919223e+00 3.975495491390870217e+00 1.073616022966700667e+00 8.744340806796333521e-01 9.045133209810790831e+00 9.495391478508119487e-01 2.175129947227192773e+00 2.983535396292563036e+00 1.227568068014912805e+00 1.987996185972816576e+00 6.356953674421812472e+00 1.309501242558409384e+00 1.286519211906933802e-01 3.168171211864835641e+03 2.034353202046993943e+02 1.072757096653594999e+04 1.023662962267091672e+02 1.045170628521818372e+02
1.793030703204710807e+00 4.296733415798367872e+00 1.690488605238876563e+00 2.451218768350471588e+00 4.170975992836193136e+00 1.852980060816450170e+00 9.611320983717009936e-01 4.994749147905478637e+00 8.698667270777249438e-01 8.759930557916246752e-01 2.067106607735986312e+00 1.251570767757092639e+00 1.102276768291596376e+00 2.009264954693608107e+00 1.266077700176257537e+00 1.507973620371778622e-01 9.924548432273088110e+03 2.622357776513038061e+02 9.696406772509397342e+03 1.164474012300253207e+02 9.403116178004877668e+01
1.196752450170000870e+00 3.794482709993752589e+00 1.235391710360356443e+00 4.522997898255411542e+00 4.379757830988673994e+00 1.683909607557175114e+00 8.697148658192087600e-01 3.864534243957634008e+00 1.193747548066471431e+00 7.407483342773196755e-01 1.912020744160418895e+00 1.443951256045927778e+00 1.221258184742556319e+00 2.967270718945230534e+00 1.370760086538725941e+00 1.653621023621028030e-01 1.379533088000718089e+04 2.587989584786687374e+02 5.972020508568486548e+03 1.741526774981024062e+02 1.644927425287018536e+02
2.753665964409631961e+00 6.802257864140752730e+00 1.408762997178092613e+00 4.286991664828994963e+00 5.856867518783407611e+00 1.936245639662134366e+00 8.031614585301629639e-01 2.554186275332901879e+00 1.111379680683022730e+00 1.581887538085489098e+00 4.893998478015194387e+00 1.247837718460696355e+00 1.134109214911342089e+00 6.687551073466675433e+00 3.357183949627961184e+00 1.545511632335869467e-01 7.530301018777935496e+03 1.607870280680471637e+02 1.110147462805765826e+04 1.385522284672888418e+02 1.518276540355612383e+02
8.459082884871865771e-01 5.138858191287425825e+00 2.369240117066131468e+00 2.578977327463747748e+00 4.700070285757489863e+00 1.223829835492800333e+00 3.392144946376105530e-01 8.154204368007290427e+00 1.047696239724982714e+00 1.009908988548048114e+00 1.658882385647871605e+00 1.083053301208072972e+00 1.582956913758505557e+00 5.908666012763646336e+00 1.528557763326276797e+00 1.805400433109962122e-01 2.327715104373035501e+03 1.562994013427733364e+02 1.298181492171894570e+04 1.850954781551184283e+02 1.240306857996341705e+02
2.644602800880693216e+00 3.981222384033214823e+00 2.023522285279761412e+00 5.866655550411262077e+00 3.120325323836135034e+00 1.839752902195711082e+00 8.339955091817644606e-01 8.764054573289225658e+00 1.683741270869863804e+00 2.068325927085126192e+00 3.036388569740707588e+00 1.213942740914818463e+00 1.007802314686819800e+00 2.769023905762003857e+00 9.354050493921617360e-01 1.995819400339329808e-01 8.921258775623156907e+03 2.813022405107386703e+02 8.619970991630114440e+03 1.188695479928039305e+02 5.463788802203601591e+01
1.044315532629175758e+00 3.047622728602013886e+00 1.758317882499702112e+00 5.691576294614524301e+00 4.075594035478140142e+00 1.514705517905383436e+00 5.872904710026017883e-01 3.324465508332642649e+00 1.004072478007261182e+00 2.163645933243664388e+00 1.790240339933108604e+00 1.357040225428947311e+00 1.038084289103688551e+00 9.140499359649956190e+00 3.635693527902350120e+00 1.282868314304031476e-01 8.201587432870455814e+03 2.558435053044595264e+01 3.168809062616455321e+03 5.250485822329679308e+01 6.610100789459913528e+01
1.505199838223897135e+00 1.732178455778212278e+00 1.015631818958314891e+00 5.009691538023435697e+00 4.857907537776315010e+00 1.397843983988817929e+00 9.487125733826562435e-01 7.216914267276138162e+00 1.239031705780140769e+00 2.766111829975582470e+00 1.994183093156752795e+00 1.430408077444933923e+00 1.828875789227603965e+00 5.599038414042373901e+00 3.049097393495713515e+00 1.398299865382632012e-01 9.719146908963788519e+03 2.244317417974167768e+02 9.859244465595078509e+03 7.427439986671942052e+01 1.701830339178976601e+02
1.397187819124181551e+00 4.367029957253793171e+00 1.760987661086215628e+00 2.281625310461539158e+00 3.055451334695219234e+00 1.720154137474108502e+00 4.170169380775481383e-01 3.248494281461087763e+00 1.085632597563532142e+00 2.157305211701213032e+00 3.597745451956199769e+00 1.337355399111757492e+00 1.471021442195521001e+00 3.236809775663447297e+00 1.798322663230818685e+00 1.443849565578513849e-01 1.260671473778076688e+04 2.374420327728307427e+02 5.264909429143917805e+03 1.449011633633422775e+02 1.174059559454342008e+02
3.068567059049646772e+00 3.621739444269441943e+00 1.489839126638525135e+00 3.868645672233119726e+00 5.348849466136480046e+00 1.583784997018828467e+00 1.683610211875625762e-01 3.637955214248735025e+00 1.025588946916326627e+00 2.706406001768849379e+00 3.250983313692476617e+00 1.090514327348704349e+00 1.848885758080971442e+00 5.032611035262809729e+00 3.731531412167418793e+00 1.033817374594730859e-01 4.065924835779760997e+03 1.507787965342305654e+02 1.258469194914717991e+04 1.078042493223483689e+02 1.175449718257886929e+02
1.976551172612114993e+00 3.588268219746377774e+00 1.543747658127450961e+00 5.407703538038333591e+00 3.008716108889997631e+00 1.464375286800532638e+00 5.076174814161591442e-01 9.603472548880992221e+00 1.633866814572194848e+00 2.848689179654755765e+00 1.819299883262958328e+00 1.447397575630616995e+00 1.646021673451409484e+00 9.194357187615809224e+00 2.444734550579757304e+00 1.930800670618183501e-01 6.064076261258370323e+03 2.800507269958703205e+01 8.387095244198790169e+03 5.383868978117914139e+01 1.610277036047638148e+02
2.225391258156955931e+00 1.718668204439528058e+00 1.612945276149336582e+00 4.385055895224777345e+00 3.501169058140312984e+00 1.143245237428576644e+00 6.337763151862333411e-01 4.446007025153601688e+00 1.460400853611104832e+00 1.670324892623536339e+00 3.447122223924059092e+00 1.364881661844684180e+00 1.206827651320271588e+00 9.307440407973038177e+00 1.611043423676798092e+00 1.877662943038583832e-01 2.421426377031360971e+03 2.875364097905037966e+02 1.191788533317555084e+04 8.298846289751301697e+01 6.455953049391951026e+01
2.572431089958311823e+00 2.126940064286716670e+00 2.527071769939982282e+00 3.359706870872742890e+00 4.920076639868569579e+00 1.402667162451324057e+00 5.705851195065557713e-01 6.704327828064363004e+00 1.399162530957785755e+00 7.591586301572568196e-01 4.586903368848791018e+00 1.205061502556928454e+00 1.325744420128730949e+00 2.246097131845485428e+00 1.167402188707240329e+00 1.231147604952602254e-01 2.184478670877163495e+03 6.858795411513148110e+01 4.552623585773939340e+03 8.373014355060240632e+01 1.577500656029042716e+02
2.890297841134915835e+00 3.479977828916157812e+00 1.926257466567148580e+00 4.044448824870739756e+00 5.306120013469548979e+00 1.388778959488389475e+00 8.535712276493525597e-01 6.140660666465226569e+00 1.729087097124177408e+00 9.047039405914156784e-01 2.660250141728507600e+00 1.144046776599762172e+00 1.244252726659596409e+00 8.685033330017386533e+00 1.335611941087536003e+00 1.307484417537546351e-01 2.911004338432431723e+03 2.537664718585869252e+02 2.529755517116874216e+03 2.838902046476939844e+01 1.339492607087730107e+02
2.417828190312614645e+00 5.368696352891648260e+00 2.925987087028558253e+00 5.575194984127278985e+00 5.148050566535205874e+00 1.165343178733463825e+00 3.115470061351526265e-01 8.444776284296015234e+00 6.009311158893617666e-01 2.293010441929294263e+00 2.405425665029484072e+00 1.480862968697321591e+00 1.373124537181474425e+00 7.007974248646140936e+00 3.183786792230607343e+00 1.064419908900498118e-01 3.680687260947492632e+03 7.642253657272186729e+01 1.561061908116315408e+03 8.856552272974710149e+01 6.117231139677866736e+01
1.952593470885719107e+00 5.890115269842155499e+00 2.148078509886228726e+00 3.991298697291652431e+00 3.016717519299998873e+00 1.296278183986238730e+00 9.790933683419063005e-01 9.734464280596148100e+00 1.369294383919639646e+00 1.947245413141572179e+00 4.570667799149615185e+00 1.049615774732262308e+00 1.981028186879819852e+00 1.061339454549205641e+00 3.480557654572098425e+00 1.386252000767125847e-01 1.236377907805499854e+04 1.845606416436565667e+02 6.338154313059223568e+03 1.146618484306784183e+02 1.803401483955798028e+02
3.088664715541066919e+00 1.859565856225163571e+00 2.426588890556089062e+00 3.935973615262757797e+00 4.723250549095368456e+00 1.267272896071392818e+00 9.200243446736323660e-01 6.987355306014924494e+00 1.020678032609664720e+00 1.905981388149158295e+00 4.419737686729932946e+00 1.339585979947772731e+00 1.346061177951837884e+00 3.832096728070038871e+00 3.219629585080116652e+00 1.021193866461370947e-01 7.612336062291514281e+03 1.899276925372385563e+02 1.023107579474659724e+04 1.706123893026765188e+02 1.114736873180432752e+02
1.911615641298042956e+00 2.593608097382309907e+00 2.790918645535855447e+00 4.871897714052501271e+00 3.332772005267413906e+00 1.244431319740259667e+00 3.303685428825157144e-01 4.957327443466248873e+00 6.168775907963826022e-01 1.502396565626026748e+00 2.439199917541305496e+00 1.218401497537415334e+00 1.674197289288684054e+00 2.390045364215384716e+00 1.938698620565300068e+00 1.731009358848425439e-01 7.292976614153675655e+03 1.540524282100109019e+02 1.242630071963751834e+04 1.473153750493595453e+02 1.092351344369929933e+02
2.321491758707436848e+00 4.178117549747074833e+00 1.185998330563398540e+00 2.070997660492035042e+00 5.575726732809728858e+00 1.434233125031048495e+00 4.620684215558313879e-01 7.630045517741075756e+00 5.665076825061233778e-01 1.604247346046749012e+00 1.978996609411228347e+00 1.345018963764421205e+00 1.716470478402270183e+00 4.557790474374086465e+00 2.507640812974670119e+00 1.634060631083364135e-01 1.081685423562537653e+04 7.553790846789452473e+01 7.919292391930854137e+03 5.758208503597109740e+01 1.716142442661536052e+02
2.202912249493232721e+00 5.594475733850995169e+00 1.395303135779147885e+00 4.277491729862010317e+00 4.983462140756088843e+00 1.775931856354394878e+00 7.511539404389490082e-01 5.830466773434449301e+00 1.172504358867456631e+00 1.876411558557319115e+00 1.227364416716855144e+00 1.121486071999349576e+00 1.800719576880181139e+00 5.636032483311934627e+00 2.781353572789230455e+00 1.129187337658001389e-01 5.659524052398422100e+03 1.771287295275211022e+02 1.141268119810832468e+04 1.279677932597451218e+02 1.293820204106853851e+02
2.672789369533111081e+00 1.581720361717011691e+00 2.311513553149932676e+00 2.744704325494935926e+00 4.827009119258069525e+00 1.260431282607645365e+00 7.775282692030215381e-01 3.938364042175078517e+00 1.242504271261049231e+00 8.962076551484611242e-01 4.268924321463694938e+00 1.286479157684023766e+00 1.714182666645595488e+00 2.665158663174224785e+00 6.993822210804908623e-01 1.085694362413356234e-01 3.849924387035171094e+03 1.601789979180655052e+02 1.677901490696063775e+03 5.910020825254317600e+01 9.894339145142276948e+01
2.488434430827937138e+00 5.785267979187144860e+00 2.889026681482963710e+00 2.822393286958955638e+00 3.469747995028360510e+00 1.271771130654121951e+00 1.199768906889074199e-01 7.579347237434171269e+00 5.570831950310027869e-01 2.713184679859285353e+00 1.109212317933400360e+00 1.276342237223566212e+00 1.679138445216258102e+00 2.150592180141552845e+00 3.405410870342787000e+00 1.038239102152928861e-01 1.363079866121465784e+04 3.560631712213209710e+01 8.324352333610419009e+03 9.181010212311974783e+01 1.994674933188615285e+02
3.013888469410783699e+00 1.871342663237380410e+00 1.951423832813154124e+00 2.137017016608166564e+00 3.743162681287342863e+00 1.427905435578231685e+00 7.227871654805170243e-01 7.034374346989633153e+00 1.517252882133147684e+00 2.677049255747155687e+00 4.857442547380241393e+00 1.491020792225348890e+00 1.312143022648236235e+00 8.052011523322075703e+00 2.473086633668887924e+00 1.076452901906542747e-01 5.741401062362771881e+03 6.077197443453430026e+01 1.273287154091982120e+04 4.678106945827939001e+01 1.928607574311024280e+02
2.386533551620013682e+00 3.275129881954598865e+00 2.387746934732255966e+00 5.183299096622953073e+00 5.984919259156566085e+00 1.701602115662891768e+00 3.169351656733542244e-01 3.547995457397744357e+00 1.971896031986842601e+00 6.403541975242620365e-01 3.514859240348475744e+00 1.217167539270264554e+00 1.818557117957035452e+00 9.279303011399992585e+00 2.882551529949477498e+00 1.910296033211943412e-01 1.878577676586655116e+03 2.906898837628309025e+02 2.666923319405998427e+03 6.014249206773824596e+01 5.650117917395491673e+01
1.598553926583192286e+00 4.026736430385714272e+00 1.376915397345956027e+00 4.503732012946442431e+00 3.623392914408916532e+00 1.878042988834223159e+00 4.263077042429249675e-01 1.045539948587226098e+00 9.069973301543516886e-01 2.242969396532648929e+00 4.037425597193379012e+00 1.484519031968794200e+00 1.969230559834981520e+00 1.032179878780133730e+00 1.792194223889867599e+00 1.049874382153846430e-01 1.243633983028070907e+04 5.857932124090970660e+01 7.069906796531495274e+03 3.758262716155498850e+01 1.051676943920037672e+02
2.243654703620101110e+00 1.903841924883763248e+00 1.605484824606132177e+00 2.369463816536832468e+00 5.189558429221079905e+00 1.796557233465300385e+00 3.859313007215783298e-01 3.280939527202784589e+00 1.425746930104990984e+00 1.474928017028611649e+00 2.602303556132711915e+00 1.246439052488100607e+00 1.888691348085406396e+00 7.365325295476342404e+00 3.686388693927371563e+00 1.004390308058201037e-01 2.035024479180009621e+03 1.711820803826968813e+02 1.026940947878258885e+04 1.872903603897147491e+02 8.349766386851152333e+01
2.857932629940148850e+00 6.084953838490985589e+00 1.870640534248974474e+00 5.913699962842037472e+00 4.091122059991196380e+00 1.472703687641145898e+00 7.534059113245422656e-01 6.586180559583191929e+00 7.678983274943647075e-01 1.926730069881175123e+00 3.953102427691491449e+00 1.016079726383676274e+00 1.917043561105737037e+00 8.327825897860540394e+00 1.155028041696843477e+00 1.068163221303314453e-01 1.015041744970839864e+04 2.752737236571510948e+02 1.148766371619415077e+04 3.544854769309553433e+01 1.021136890310471870e+02
1.326563285506986878e+00 5.872842037242365976e+00 2.698264374355529238e+00 4.159183439801517501e+00 3.580170873583880642e+00 1.989791781884193700e+00 2.483541462115995968e-01 4.232008094577789592e+00 8.008985350973784056e-01 1.975809283496813507e+00 1.587449620938000017e+00 1.385627246813135871e+00 1.706984753487502449e+00 8.399807959240384037e+00 1.759034135122559350e+00 1.416112309012537984e-01 1.233594850681683420e+04 1.291277736485621404e+02 3.363744103029761845e+03 9.779885545497786836e+01 1.843438078834221869e+02
2.657099461343841895e+00 4.474524139467424888e+00 2.098606136440144709e+00 4.816184800625752160e+00 5.357718533903392810e+00 1.031073195361474459e+00 3.619403834226586625e-01 4.837293369409537469e+00 1.084110354352809225e+00 2.015020843451065691e+00 2.023038386009309519e+00 1.468188967564767911e+00 1.321981649038623807e+00 1.132215263743380662e+00 8.582786753923072887e-01 1.834415045641350495e-01 7.321111505334814865e+03 1.039986362133683997e+02 5.842528155854559373e+03 1.411391898265852092e+02 1.282556478101012658e+02
2.039321870709706275e+00 5.124433114763236929e+00 1.003267852409685856e+00 2.806597103201391885e+00 5.695939840985978719e+00 1.898729850168912270e+00 4.062539143410001108e-01 2.866368735469181139e+00 7.229720561068015972e-01 2.001976225519670471e+00 3.191314726656896195e+00 1.101101753047805776e+00 1.258943854677089691e+00 7.094850777797632624e+00 3.266092732355916795e+00 1.208485586223560226e-01 8.858549155716314999e+03 1.050501686936023873e+02 9.301634201164748447e+03 1.760149686188800047e+02 1.957508938263653704e+02
3.060776018486786931e+00 5.337918358669249130e+00 1.269770164165960225e+00 2.886339341237340594e+00 5.797203576406005254e+00 1.565949926960126692e+00 6.941684596018395936e-01 3.113041126152939597e+00 1.072781308451802307e+00 2.281953460246151977e+00 1.432326106366448748e+00 1.262924896438732070e+00 1.997114567815882369e+00 3.310414410255548834e+00 2.847488516470832565e+00 1.798086944855004365e-01 8.548357957174215699e+03 2.975171762836761218e+02 6.704093292140577432e+03 8.023090560815506933e+01 1.862274839010130734e+02
2.138690993280039976e+00 6.148952265579945120e+00 2.816374144116635669e+00 2.718044337239647223e+00 4.673528172150385629e+00 1.010641060033217853e+00 6.616963569511195020e-01 6.200618637407368183e+00 1.349201670149636989e+00 1.746920075480980383e+00 1.944367459835956380e+00 1.440489219807785215e+00 1.338182225839137374e+00 3.933203772770862194e+00 1.893557716510854805e+00 1.894119614645512484e-01 1.352689121585283101e+04 2.632325904978690119e+02 4.303848663828181088e+03 1.497931648336152080e+02 1.557832658709834845e+02
2.724155421148044987e+00 3.762375379963700528e+00 1.851050631991083328e+00 5.087492492136495237e+00 3.364983451502593148e+00 1.535153627262998199e+00 7.281072894284641439e-01 1.778793505027619126e+00 7.402310245831118518e-01 2.023663013720049531e+00 4.224554631323638176e+00 1.291491609149178821e+00 1.097418782924782121e+00 2.170438297722650844e+00 3.884206887174490586e+00 1.197750878367801058e-01 9.590690677444586981e+03 2.171736162362892060e+02 1.079133698829633067e+04 3.245327955323475777e+01 1.251540016848964143e+02
2.763717117658926359e+00 5.093498090676090051e+00 2.872393215587059956e+00 2.556836307641492390e+00 3.964682426711422458e+00 1.999131471553132311e+00 6.166832852794584818e-01 8.487580766620235195e+00 8.988470261196277455e-01 2.208123246283917762e+00 1.260198727321676149e+00 1.353104896064090124e+00 1.586222968984295267e+00 3.002327370816578966e+00 1.972695760070435789e+00 1.095057636108513061e-01 1.193442150714347554e+04 1.380809016725121978e+02 8.807673319236861062e+03 1.322808636593330505e+02 1.008241900436325409e+02
8.262473844229973885e-01 5.417547182905897429e+00 2.905311510773818995e+00 4.181536884218226113e+00 4.622967440240770998e+00 1.577937534904684913e+00 1.949973001520461935e-01 4.055455251581426168e+00 6.354379107360617063e-01 9.364823112823827955e-01 4.913439147561582843e+00 1.099145365296506416e+00 1.832512895614211601e+00 5.547646597897793797e+00 2.585893925104718605e+00 1.193562260247704454e-01 3.447066646484970079e+03 4.638807031456856578e+01 1.251018861490092604e+04 1.879086368512502929e+02 1.687700251079366183e+02
1.060001268721985301e+00 7.192644217803561446e+00 2.231838575498456212e+00 2.781134933069562720e+00 4.210538695063499759e+00 1.844082888551671573e+00 4.295214262319528853e-01 3.185340456658056763e+00 7.073294230950721850e-01 2.460472497381884782e+00 2.174809594562903570e+00 1.498587221798830527e+00 1.906642734806519801e+00 8.975266338640150110e+00 2.754135789883214613e+00 1.989296709538145858e-01 1.411328082528518962e+03 1.645215915863406053e+02 6.623696081635452174e+03 1.343050558597525423e+02 1.674089290468526201e+02
1.113321686244355568e+00 2.919895792431541182e+00 1.710435509880256388e+00 5.484292561387077214e+00 5.171596862548478057e+00 1.126337072435357634e+00 5.000505064787206244e-01 3.353854379155756682e+00 1.620236681862342376e+00 2.642510297225275639e+00 1.052150339928314526e+00 1.315479525828733731e+00 1.080402093029095179e+00 3.577030545863055355e+00 3.984004781571582221e+00 1.394549066568527007e-01 4.701899414130789410e+03 3.747649810383256863e+01 7.011266093708957669e+03 1.650795837239452055e+02 1.152840930927486625e+02
1.172229884020417945e+00 3.902991818313705341e+00 1.849108065547121704e+00 5.124610792308668117e+00 5.466400882008597861e+00 1.649698560764676358e+00 4.461292538536398844e-01 1.375886011437933654e+00 1.146921274758563536e+00 1.349106472695140280e+00 1.286102326183980127e+00 1.232402152758250491e+00 1.896525334794064266e+00 6.557818177463266451e+00 3.909524491983349836e+00 1.885722596174848886e-01 1.262827117695380139e+03 8.475225755314245646e+01 1.162872281747183661e+04 1.531895199540659007e+02 1.742015559316923827e+02
2.671535877376572721e+00 4.650468930146036683e+00 2.155748347712284740e+00 3.488248079239249400e+00 4.195736765267625401e+00 1.319414391143333365e+00 9.691144993701913402e-01 5.969754828093412513e+00 1.593661015934143554e+00 1.543412382896686807e+00 2.198080449313693840e+00 1.429691577084753584e+00 1.618382678748414794e+00 1.505928598729801227e+00 3.955730219905689182e+00 1.485986240248836077e-01 3.224161458686845890e+03 9.165310438340125643e+01 1.999967680883180037e+03 5.628238716235874506e+01 8.384228184563508535e+01
2.685916954305030302e+00 6.974925764375649706e+00 2.129510114098380313e+00 2.318187481171264608e+00 5.674936006221777518e+00 1.479276442785535384e+00 8.613794235941395483e-01 7.749774427199632498e+00 1.931011392211823274e+00 1.085438755354513729e+00 4.804646097460059551e+00 1.038575669553751579e+00 1.944347387483970735e+00 7.429852949210873803e+00 1.091295095264724235e+00 1.576904597577093170e-01 2.255632139078576074e+03 2.785981028970779221e+02 9.002614097362591565e+03 1.200260551125386144e+02 1.954858675282301022e+02
1.879703272691569005e+00 6.526939895294118443e+00 1.708348160524823189e+00 5.849702215102437819e+00 3.718871805724798474e+00 1.018573498982293657e+00 2.794225410885821104e-01 9.968356138125296084e+00 1.853956362289334470e+00 1.099245284830638880e+00 1.711562176954281034e+00 1.139990437696654535e+00 1.443091027862482445e+00 8.213773268938966865e+00 3.791481468934216892e+00 1.138398276838717138e-01 7.830876789845434359e+03 2.303215326230230744e+02 3.890075451727042037e+03 1.359496602973626125e+02 5.190496649181540079e+01
2.210968390068756229e+00 3.968341004974253128e+00 2.766197666699234503e+00 5.931786350083335435e+00 3.912014242007686882e+00 1.251857560337308106e+00 2.316798226813171491e-01 6.074821630530344407e+00 5.276185299134278361e-01 1.263244456602666155e+00 4.319059875586928499e+00 1.077638588747995785e+00 1.426477912668541403e+00 6.650877875504528802e+00 1.376677893479320236e+00 1.953381212662442801e-01 1.217384968347905487e+04 2.469418913228312817e+02 8.824692068145746816e+03 1.309173379897021618e+02 1.851698882514056095e+02
1.307157283179423590e+00 5.246667398172433217e+00 1.037722021905342018e+00 4.483492635212242838e+00 3.947728156851483039e+00 1.552224439575561998e+00 1.285152097257238057e-01 2.622904859514268772e+00 1.825589695619856734e+00 9.681197328567696658e-01 2.735741700053879732e+00 1.209319691839662259e+00 1.023041701560805095e+00 4.210992973022053221e+00 1.122647097822462747e+00 1.264223168296331190e-01 4.838524602955235423e+03 1.116896153484831018e+02 5.002387398012979247e+03 6.885965775867464345e+01 1.725435791151449791e+02
9.475335575298322599e-01 2.192799012343208176e+00 2.543558143952189710e+00 5.434652012171087065e+00 5.444567862795802959e+00 1.589360253270923451e+00 3.452548616181239094e-01 6.347270774501136970e+00 6.076243908251174330e-01 2.343349950040492846e+00 4.951998747256305400e+00 1.236939313764596093e+00 1.073745819987308447e+00 2.613427132085954341e+00 3.246594973765875025e+00 1.102753067147953514e-01 5.262847645166625625e+03 1.415777498703681658e+02 1.170730372242452722e+04 1.287815166224716563e+02 7.898053087368907654e+01
1.710140773064162012e+00 3.933846686312417518e+00 2.822456193538493530e+00 5.463630450651548287e+00 3.186572217745502922e+00 1.820691330513123596e+00 3.517833709628510608e-01 9.563609055585576613e+00 1.867768110693378780e+00 1.205094881281752794e+00 4.499214064176930705e+00 1.349465301959743124e+00 1.954418052799752115e+00 1.570028941758568886e+00 2.220371313743683572e+00 1.408914286833081730e-01 1.736745468776974121e+03 5.187881733768976034e+01 2.417569383274658321e+03 7.784633090914431364e+01 1.412075639404091874e+02
2.475809614966028249e+00 3.134742513126198560e+00 1.581435909597776135e+00 4.566514239713709955e+00 4.012881206656516042e+00 1.061943882540625772e+00 5.605326662278568017e-01 2.685701603307360408e+00 1.786175450142554855e+00 1.871414701180187823e+00 1.697529390892301260e+00 1.148410756689801193e+00 1.506439332932270947e+00 7.890793745982811913e+00 1.141198998622959593e+00 1.737024399116772200e-01 2.876964669073038749e+03 7.970586936564232872e+01 1.231211181585228769e+04 1.248273687756247625e+02 1.066785533143009701e+02
2.739044517866138673e+00 4.462987944251065819e+00 2.323759834805320335e+00 2.765584640182773946e+00 3.074937349291932964e+00 1.056019409455940750e+00 3.361207105448373311e-01 6.934007256675740472e+00 1.493021473946561484e+00 1.807397017415352192e+00 1.412606839916220824e+00 1.456243822866939652e+00 1.684762035680015479e+00 7.592266690619394076e+00 8.996175738464491367e-01 1.942413969138935825e-01 8.467452857340911578e+03 1.815783258107094298e+02 1.219453445604927947e+04 1.687979916534062852e+02 1.773301676401166560e+02
1.446393188121184004e+00 2.478540042794060483e+00 1.133643702151831301e+00 5.386114938958829867e+00 5.832924331787991967e+00 1.856628395898639372e+00 5.104475287843064368e-01 1.110817729131370113e+00 1.333924829979766136e+00 1.121659444430934460e+00 4.864899036094572082e+00 1.109680254425889911e+00 1.189476056903157719e+00 8.465013480162046022e+00 5.276178862791643942e-01 1.157790080810889438e-01 1.292536435872021684e+04 1.422955698093828687e+02 4.833692246768329824e+03 1.505119607700825100e+02 9.538317055943609546e+01
1.752579426086188219e+00 2.119915540524266895e+00 1.274680997492988466e+00 5.757990360001104868e+00 3.456880875875941950e+00 1.883249507051322214e+00 2.261535030437518412e-01 3.733650158824824317e+00 1.277634738227563460e+00 1.151213538231580458e+00 1.923132346263231707e+00 1.198793301698110936e+00 1.050145221114945793e+00 2.124978960899488900e+00 3.523116652246762737e+00 1.467244923375887744e-01 1.286022172583825159e+04 9.838113418705458457e+01 1.286132684769769367e+04 1.750142073882310569e+02 1.151721517329425239e+02
1.259219007643732180e+00 6.915880190583896692e+00 1.888744738540547363e+00 4.246225864249268511e+00 3.608729669281768526e+00 1.007919358580256386e+00 4.834076087460618121e-01 8.006701463594662727e+00 1.996126057346102822e+00 1.436725896730419949e+00 3.895909275390913251e+00 1.107160464290906532e+00 1.385185505152744412e+00 7.309419656454209324e+00 3.107676201691637718e+00 1.014781156078638641e-01 1.458336732577442308e+04 8.818782467571139705e+01 6.967345388272030505e+03 1.350070715327133826e+02 1.462583460990706499e+02
1.414574483401235483e+00 7.917366318999999208e+00 1.571938742234259001e+00 2.044699225628113126e+00 4.939903152255210372e+00 1.518758451540940912e+00 3.804588505412473953e-01 2.740175843384745846e+00 5.685614016774316326e-01 2.247740752513368800e+00 1.162142706326068975e+00 1.465095598360373508e+00 1.237002399928133434e+00 1.688802792526485907e+00 2.938031056816704734e+00 1.728529451121747496e-01 9.508976882976097841e+03 2.261633810362033046e+02 2.099210598668378225e+03 1.095219117440348668e+02 7.007899381942618788e+01
1.867081202502016923e+00 7.174169280819169714e+00 1.599945000160040376e+00 3.417104586478996175e+00 5.200394716057767930e+00 1.021843789620096477e+00 2.241473365828273168e-01 5.652145643282167065e+00 6.509348090229589712e-01 1.587778748372171478e+00 3.006081391899199762e+00 1.306748738707132818e+00 1.796182168586712979e+00 9.681440157953550951e+00 3.198690658917462404e+00 1.782849158500972309e-01 1.337982161629122857e+03 2.185243591583934517e+02 8.457036387526313774e+03 1.940627064607332954e+02 1.316795331222045888e+02
1.377984497164958411e+00 5.216841449939746411e+00 2.678297526578361065e+00 4.659742811936171236e+00 3.354455823423483807e+00 1.665372443858004425e+00 6.447733524854259990e-01 1.704647686775435655e+00 1.214413840512119869e+00 9.480392952131184714e-01 2.107575866928503405e+00 1.257216694393883838e+00 1.512006138680726863e+00 8.014781471373046529e+00 1.195307237007328771e+00 1.460894972685563842e-01 5.070098555654552911e+03 9.256862775590818160e+01 5.768164428347839021e+03 3.113883327510491483e+01 9.461703399136129633e+01
3.042936846602921186e+00 5.734969383844394031e+00 1.284594049543610117e+00 3.093927607196213181e+00 4.870429457148166108e+00 1.130349341609652836e+00 1.380723705859488448e-01 8.941565516555900928e+00 1.773428188672943051e+00 7.681476624828681432e-01 1.150329409246662715e+00 1.403866906523600244e+00 1.319611044396533650e+00 2.875258350283204756e+00 2.992177118206135411e+00 1.221083783999415695e-01 6.935169282695171205e+03 1.240682917003988024e+02 1.059592954696170409e+03 1.765093684813160451e+02 8.913957879420826202e+01
1.088752565169658792e+00 7.899458560145713903e+00 1.720230013219453902e+00 3.693282929224894318e+00 5.129348385799270105e+00 1.334652321661846441e+00 9.415139043332239055e-01 8.587494389657504001e+00 1.568928800222242792e+00 9.921606885868206049e-01 4.833867633976666411e+00 1.254576808087889184e+00 1.004961011947343552e+00 1.213562821618363596e+00 1.921293822227080561e+00 1.093231318088484921e-01 9.800813842997084066e+03 3.926650528249224692e+01 2.321546448498255813e+03 6.358186887882680338e+01 5.860480980951389540e+01
3.021845298965967430e+00 3.550308642992173969e+00 2.935506055144434079e+00 2.499231471600595000e+00 5.835511235874086822e+00 1.374104306851144930e+00 4.518863578588658836e-01 2.602222606085227596e+00 1.326582910023993644e+00 2.972712954550546183e+00 2.483436224692995964e+00 1.184901095295724405e+00 1.152398022388374077e+00 8.128059576231628114e+00 1.739273075083463960e+00 1.124185337467031448e-01 9.311726831662954282e+03 2.557227096262051020e+02 7.944920562400934614e+03 1.563089545194454217e+02 8.993931107335055231e+01
2.931786299894827863e+00 3.427389982464268847e+00 1.908488879664518301e+00 5.292310659875478329e+00 5.284681396982725765e+00 1.325986298875296621e+00 6.443681978472187710e-01 7.916648822037451794e+00 9.229155819545454831e-01 1.764189137777727900e+00 4.116106447790548017e+00 1.464793965654292318e+00 1.363156314083479037e+00 1.151526299185622992e+00 3.383802615331971353e+00 1.674007779845370636e-01 5.149521305623404260e+03 2.364954250842553449e+02 8.235628775221090109e+03 1.863702133014682261e+02 8.145821262748162894e+01
2.160062174794719958e+00 6.881702567416960292e+00 2.838245413094597769e+00 3.013240973994839145e+00 4.043591581284493586e+00 1.758129026199824807e+00 3.538486602060622044e-01 4.189321181936611183e+00 8.257494628328364561e-01 1.360460159688475557e+00 1.365078228105884639e+00 1.190663910566059469e+00 1.494464931920589823e+00 9.550440584401162170e+00 3.427197259710967003e+00 1.400154616500417504e-01 3.600868786740242740e+03 2.953297780395815266e+02 1.393778812195917453e+03 1.624237936683861392e+02 1.652551540372127192e+02
2.705158030021173055e+00 4.078545989538658212e+00 1.862644898970449159e+00 2.211785947096850169e+00 5.630758650705478985e+00 1.421007153792194000e+00 5.998170478265386629e-01 5.393699586185143779e+00 6.685538253647105300e-01 2.494729820009501609e+00 2.595314654479333516e+00 1.168352785651379122e+00 1.573283682774339720e+00 7.210333930740444153e+00 1.204277631394131687e+00 1.867901258232779749e-01 1.188215995959595057e+04 8.278866157861853026e+01 3.417962742266831810e+03 1.117762409794841147e+02 1.838454588782485075e+02
2.517386966254683500e+00 3.012219110303595127e+00 2.957825947290764645e+00 3.298027342979261256e+00 4.795319837570929167e+00 1.458736695343826772e+00 6.523821050037725833e-01 8.737132887270920634e+00 9.609623657867056856e-01 6.305436953947356482e-01 1.450394382129573501e+00 1.260936024134504230e+00 1.928560714477169036e+00 9.688795133777070134e+00 2.006368860946157628e+00 1.683814158240350967e-01 1.326261484792221381e+04 1.212728432907068452e+02 7.745990157061085483e+03 1.823922116883604190e+02 1.270204506763493129e+02
1.640322346093145978e+00 7.049081464136380148e+00 1.027741149232465290e+00 5.272088125242259338e+00 5.213825899101809824e+00 1.908965494031002130e+00 7.949030457279542272e-01 8.540100181101017540e+00 1.813622180538374096e+00 1.042366755622922359e+00 4.160424978857275136e+00 1.399390729360241448e+00 1.766618823386280512e+00 6.742227783927498663e+00 1.475639599972346616e+00 1.410780482434383087e-01 9.434509466075749515e+03 8.130487992864871671e+01 3.522374163459079682e+03 1.037844218960237299e+02 7.599224292775376455e+01
1.531344608630727411e+00 6.035191782641927460e+00 1.940168852748331840e+00 2.928121209319973772e+00 5.938624721346220880e+00 1.534166736258019359e+00 6.393044802752644307e-01 4.365518955206088236e+00 1.648870908545776448e+00 1.533307013912291072e+00 3.064632252345067531e+00 1.473505229140990469e+00 1.779911500415274350e+00 4.299405206375407573e+00 1.960981208129876530e+00 1.456698185345772500e-01 1.442310252126921114e+04 1.946914200344597816e+02 4.664447528367169070e+03 1.964436791882876037e+02 1.501288248682272410e+02
1.285667595980675815e+00 6.597691104743795165e+00 2.645308762253532286e+00 2.631424463660691160e+00 4.739299502094350913e+00 1.486051099715951063e+00 7.121675883076609148e-01 5.047593020206539549e+00 1.908357219064218624e+00 1.293024988505309780e+00 1.550017503140354913e+00 1.186480622583075295e+00 1.254632831183459807e+00 3.853023076334633146e+00 3.126364009031711078e+00 1.601257652478444704e-01 1.127601117616696683e+04 5.951538195708132406e+01 8.899428520430465142e+03 1.056524235849743576e+02 9.080967842108574928e+01
2.070610280148700966e+00 1.993277768805257644e+00 2.983076421145568702e+00 4.821612264715185781e+00 5.711749333652607064e+00 1.093984420321592044e+00 2.525583934510525763e-01 7.803393826348462348e+00 5.935324789690723524e-01 1.513570448367468124e+00 4.793198871635891756e+00 1.141391889175071839e+00 1.870924759865902676e+00 2.410911625037257977e+00 3.301331753889686027e+00 1.243207259251951496e-01 4.736312686190576642e+03 3.303467648802177337e+01 1.115511109880455479e+03 7.327469820030384540e+01 1.135870753019890174e+02
1.835510285435842492e+00 2.070763446287407827e+00 1.303679802232462492e+00 3.121522882639300445e+00 4.393145707460814009e+00 1.205294307656203712e+00 1.130056035286613331e-01 8.181285442227975935e+00 1.986169146740565328e+00 1.652124670990666289e+00 2.884161845421768788e+00 1.308375657429888816e+00 1.524918816808199740e+00 9.988183296153055224e+00 1.628095008830758861e+00 1.906245604011723715e-01 6.270593417527586098e+03 3.788266564536158398e+01 4.765693820567888906e+03 6.284950516751406013e+01 1.972264281283529783e+02
2.381499170411631283e+00 2.033612689878911084e+00 1.634330325121305716e+00 3.798563025801689363e+00 3.673769512545995930e+00 1.044654128590607689e+00 1.021406971445816270e-01 4.891757405065036757e+00 1.324033605193224217e+00 6.642185272289653497e-01 4.546632789560966614e+00 1.240000652823006089e+00 1.488197661981185194e+00 3.640225663319966110e+00 3.538175199733463394e+00 1.769735650175211505e-01 7.751197643415169296e+03 2.684121408901074233e+02 1.175539244584625885e+04 1.234720151154477890e+02 5.266214972179302833e+01
8.058930843231535412e-01 7.327546339933890707e+00 2.738332137730783877e+00 2.859511810913777818e+00 5.917843203515888106e+00 1.483592759817222939e+00 5.910432223276916863e-01 4.755851918969261405e+00 1.982913598757497065e+00 2.599580195662458237e+00 2.574435359356185504e+00 1.489621998079481813e+00 1.724943293940857103e+00 9.083209398487451125e+00 2.004245712824102910e+00 1.218014735897322703e-01 9.973379893946528682e+03 1.269782736992416403e+02 5.139321551888439217e+02 1.137071688376069005e+02 1.094842291095643816e+02
9.000666175655781531e-01 6.474964395911575465e+00 2.111733105130231714e+00 3.443926483819231166e+00 5.582056835631493463e+00 1.655351322297706762e+00 8.788715475623115614e-01 7.188029748405509345e+00 1.438170888022401783e+00 2.671678989098321466e+00 3.123372229997726013e+00 1.382670903654299455e+00 1.215242920434580931e+00 5.090402803735612380e+00 2.279096222817653228e+00 1.266623537324927107e-01 5.474881917032399542e+03 2.114757234774522772e+02 3.670842824648424539e+03 1.968962764689987353e+02 1.379533905272563175e+02
1.136698868392513884e+00 5.694255646106846314e+00 1.318099396665452172e+00 5.805152077651553277e+00 3.917226210354853855e+00 1.336306912852556650e+00 9.324214225828363345e-01 1.743062649751974114e+00 1.062323556021190996e+00 7.944044857472098986e-01 1.527467209362502132e+00 1.294021855602245807e+00 1.135201970281336736e+00 5.835921930272393254e+00 3.608012479031727171e+00 1.043220814687599030e-01 2.620923112311687419e+03 8.567513099773253771e+01 1.050549770021859331e+04 8.137882456180241775e+01 8.071419471778560251e+01
2.941590528008548588e+00 4.827515329030237723e+00 2.652603074672013506e+00 3.887609570315377461e+00 5.816270773771677227e+00 1.931739443416344182e+00 1.940574026137836250e-01 3.465715613243169013e+00 1.468891923371180352e+00 1.940850766007365280e+00 2.132814899204795722e+00 1.278864405018768746e+00 1.860992027118591796e+00 7.444590703062616832e+00 2.575854155485920227e+00 1.297007140996588870e-01 1.095884613781268126e+04 1.124580764742318166e+02 1.612654483696346915e+03 1.733469973206621830e+02 1.210758730399908387e+02
2.028166382295749415e+00 7.115119491343417479e+00 2.507615259305058686e+00 2.879311241755765138e+00 4.021949458568369273e+00 1.863433951937552013e+00 8.314128823599624685e-01 2.426829974324173023e+00 1.693322309149378757e+00 1.958802708630245082e+00 2.223673907864719190e+00 1.360040830509115395e+00 1.261031724276977961e+00 7.879480998733440877e+00 3.063690517074284081e+00 1.256439922538250265e-01 7.696209156498372977e+03 2.075869290819881030e+02 1.004077120940253008e+04 1.519198840430489099e+02 1.748020051044242962e+02
3.095525336274498329e+00 3.843705762310405394e+00 1.469230401237669348e+00 5.140417064012190451e+00 3.154277657124302081e+00 1.171480866224184014e+00 6.113995727681064141e-01 6.846358855377493668e+00 5.768298365961244123e-01 2.133097843621403200e+00 4.517879362798648657e+00 1.410369297094359764e+00 1.355053991293742044e+00 5.217461674349928025e+00 1.666666773071469265e+00 1.483461028525015490e-01 1.038836293449160439e+04 1.137223710129987779e+02 8.053138223539548562e+03 2.860357514945770419e+01 1.300640548023766883e+02
2.082216159910661002e+00 5.558077224752393519e+00 2.626379162461960792e+00 3.632844036998037929e+00 5.664042271195151024e+00 1.814450994445170995e+00 7.465890941152155680e-01 1.593545332300814188e+00 7.129477220206348331e-01 2.915059143406169007e+00 1.623145103073861506e+00 1.075722827377289414e+00 1.956890191357782527e+00 5.497700265157158483e+00 2.967258265871891343e+00 1.550109291817251544e-01 8.653893674332983210e+03 1.202218054262647229e+02 6.363541750664942356e+02 1.636846501349467076e+02 1.341119336103526223e+02
2.590906573816888603e+00 2.526237664582138720e+00 2.371407534057414335e+00 2.476797301917355476e+00 3.438095497487889229e+00 1.974163509379498693e+00 5.431035853269831071e-01 6.417820881936354915e+00 1.760828399884609707e+00 1.233007862599587945e+00 2.539493965501826267e+00 1.023804677212250214e+00 1.394244250052095291e+00 1.355446969627717380e+00 3.822450431668562132e+00 1.432161370192310823e-01 1.209742898807819802e+04 5.463175012008595388e+01 5.664621262018082234e+03 1.296664883435826141e+02 5.387095051777026811e+01
2.714314386518827504e+00 6.845257624807166152e+00 2.851796530304965049e+00 5.313606180386031497e+00 4.340659327730063133e+00 1.449983655373015434e+00 6.178584120504269084e-01 8.974615591409946802e+00 6.584920708616915919e-01 2.809897039748999514e+00 4.711375586327905651e+00 1.053451796994627321e+00 1.891229110223592524e+00 4.261815355464212196e+00 2.674724989415770970e+00 1.054376479186171778e-01 7.474239985819418507e+03 2.644424905662410765e+02 7.281001533370099423e+03 7.924479149714835557e+01 1.372123559239422264e+02
2.956172222110735603e+00 6.841792652578371658e+00 1.815075728792335363e+00 3.177860048602828336e+00 3.104032255922968275e+00 1.259441643237445341e+00 8.870733194893748452e-01 7.444710332590029900e+00 1.282470692937451417e+00 1.213039056193882193e+00 1.606148458379283550e+00 1.326073519556812297e+00 1.032094830107109340e+00 9.148698954412031625e+00 1.828085888873424825e+00 1.646329200272809712e-01 1.153589912815581556e+04 2.209679766072518134e+02 3.478984537579926382e+03 1.858235702659448805e+02 6.756761597586077528e+01
1.917179327939635414e+00 4.329477862021360757e+00 2.416308295923529137e+00 4.065008105922894188e+00 3.418026166772551555e+00 1.767835662520620410e+00 9.984153953835301909e-01 6.494658947955201711e+00 1.504540032335527355e+00 2.457702272975202717e+00 3.401765393104912327e+00 1.304436010576368155e+00 1.353200681602219957e+00 7.297835582167913948e+00 1.572391964620724059e+00 1.759186635719424130e-01 4.944134985102562496e+03 9.614446467731546875e+01 3.096872145536494372e+03 9.029735432556901742e+01 1.826357985016250893e+02
1.993625281142678007e+00 2.160065364803141819e+00 2.225942834771412748e+00 3.316818666435839003e+00 4.541648412471795737e+00 1.692548942474650042e+00 4.890514015891326283e-01 6.361448049255411519e+00 1.539458287181362905e+00 2.331134305110738492e+00 1.508448193734849951e+00 1.170793580757640395e+00 1.542639641686475382e+00 2.454437904597032372e+00 2.292037654424512461e+00 1.177828253409936576e-01 1.338583235238802627e+04 2.067408879214000876e+02 9.156506033412162651e+03 1.213349914785758301e+02 1.059133569149852718e+02
9.108690228183742299e-01 5.453679753653672080e+00 1.414890996716512639e+00 4.747961942824859172e+00 4.407923027797348681e+00 1.990273406220808727e+00 2.588512759878071057e-01 1.193595003341303862e+00 1.259279745009788787e+00 1.440782410794719803e+00 4.520753610508604581e+00 1.093162208882344277e+00 1.562670609302715619e+00 3.254436586214187077e+00 2.356619239721230663e+00 1.238733330627156959e-01 1.368537199047554168e+04 2.985879607559629534e+01 4.103772850600068523e+03 1.802760458473402423e+02 6.525143056174583478e+01
1.831610558398567790e+00 7.551536908038540830e+00 1.562297780512912571e+00 2.019388507692992718e+00 3.880637021253269481e+00 1.914789143268503580e+00 9.410513296466067601e-01 7.529020701281083916e+00 6.434160022723395267e-01 1.026200953607536048e+00 2.945904744290114508e+00 1.179402582917058684e+00 1.341661450194295169e+00 2.330027958388653175e+00 2.546534528031237699e+00 1.249341633633478388e-01 1.496546022191751763e+04 1.476194572216595589e+02 3.265068209448512334e+03 1.246816732308767683e+02 1.406525326196809260e+02
1.689851481466305261e+00 4.502025444805485499e+00 1.649566774419207071e+00 3.398189576334236683e+00 3.769374582172560828e+00 1.689588973863589194e+00 2.816341325937594675e-01 4.498780980588687584e+00 1.968945158384280969e+00 1.381001694328880980e+00 2.553249296457853923e+00 1.052403993128353754e+00 1.191238268440072634e+00 5.175101888153020191e+00 3.631375125654932035e+00 1.340503171772942093e-01 3.457344797415075845e+03 1.502400807598005770e+02 7.767192289024758793e+03 1.674739176911873244e+02 1.598787534725286434e+02
3.001859645985851088e+00 2.874193448690483876e+00 2.716553426059288956e+00 4.982751967751891442e+00 3.998175671936007980e+00 1.874181463738721742e+00 2.925964287758711091e-01 9.423077790535035803e+00 1.877762885011364125e+00 2.376861847365889346e+00 3.708132496608707918e+00 1.380982242058923060e+00 1.118411471467408047e+00 6.313922174936612564e+00 6.903492026779165514e-01 1.427002135658255455e-01 4.117245156040102302e+03 2.518318966648076582e+02 4.409407204461624133e+03 1.035721040907235704e+02 1.493345770263218810e+02
1.464786693473609791e+00 2.809495939989651525e+00 1.109097544843036243e+00 4.637189001328224869e+00 4.244591475756834598e+00 1.634005801046425121e+00 6.293656076268734356e-01 5.872854308777673893e+00 1.792326739697007953e+00 7.210085515031366965e-01 3.044208412235607675e+00 1.036647335761291977e+00 1.901749755863914260e+00 9.044864828503923704e+00 3.919142547739772997e+00 1.841942370065171863e-01 4.892369970976700642e+03 1.754104549382450671e+02 1.808255402779455380e+03 4.104673673213922314e+01 1.197819560856618040e+02
2.148912701125952118e+00 4.258966685688861276e+00 2.998479034635446183e+00 3.205176915923991121e+00 4.322167601536817116e+00 1.068326882199490013e+00 3.683107102080204198e-01 1.559894091933179183e+00 1.938272235057251880e+00 1.272874789764038672e+00 4.456952407743134614e+00 1.159882958989688628e+00 1.467967245796282683e+00 2.289906539474612757e+00 1.071679715648108377e+00 1.656014987619784107e-01 1.475119941369666230e+04 4.352918823963177175e+01 1.198107053630596602e+04 1.488305044561074340e+02 1.963740835242472826e+02
2.304624574874050591e+00 7.013446380351414433e+00 2.304681777948354160e+00 4.965182444234590875e+00 5.445938938152387720e+00 1.077094097660719507e+00 9.184900973274198188e-01 1.171105771520771555e+00 1.446140500442649302e+00 1.241356578518270748e+00 4.670558425997763052e+00 1.330226624276157121e+00 1.658057562072520419e+00 6.534176784434110985e+00 8.470705858658758025e-01 1.189820045154154904e-01 1.950598051439784285e+03 5.686314421539589858e+01 3.984059964267084069e+03 6.572769959605379597e+01 6.272187747232951693e+01
2.347494147846743040e+00 5.664657110029141407e+00 2.005928091638849775e+00 2.164711693226299527e+00 3.204845112549514319e+00 1.675190308715420295e+00 9.577164368413495499e-01 4.101054072690621943e+00 1.482316223821205980e+00 1.683559899754109690e+00 4.350738608425352538e+00 1.420763858752284614e+00 1.422228502577829179e+00 2.897656402397186248e+00 1.858374671770429920e+00 1.270000765146713229e-01 1.788716394685420710e+03 9.424109156595919501e+01 9.925518601397471912e+02 8.968723831781814226e+01 7.167453372932868660e+01
2.461831255700605681e+00 1.454040816964909055e+00 1.527459668519106639e+00 3.277472833838254829e+00 3.388128206618119087e+00 1.324720347273201648e+00 2.198268876770785030e-01 1.347654243730203039e+00 1.387175110398236821e+00 9.305720025989914213e-01 3.743598205268045653e+00 1.449852551792855104e+00 1.662487082390899484e+00 7.717306922597537699e+00 7.861275396313405217e-01 1.446055131171115060e-01 7.889203087107717693e+03 2.738036316830434203e+02 1.183625568203222429e+03 1.426326497558972051e+02 1.549502174661735410e+02
1.037362521983266728e+00 5.490847925707289079e+00 2.771283155615944072e+00 5.648122904260521437e+00 4.909382402892829234e+00 1.156002624464363082e+00 6.680615658489695852e-01 7.789825574393432817e+00 5.059842182878137029e-01 1.754199028707768004e+00 3.974037708798371149e+00 1.203632208642643642e+00 1.626594300192910847e+00 5.680147792102839155e+00 3.010540426352125820e+00 1.151479842585224206e-01 7.985790697120723053e+03 2.572664681125180550e+02 1.249383526193336183e+04 1.589948135517369110e+02 1.082163334515552293e+02
1.105841989799299929e+00 4.625225254879715031e+00 2.596644421742604791e+00 4.681590508862949918e+00 3.227338289619028355e+00 1.147995507067076426e+00 2.096668447164017346e-01 6.566127302871032079e+00 1.672590622863270537e+00 1.421573632608462034e+00 3.542241181404953920e+00 1.458767511804768713e+00 1.026236620125060339e+00 3.197644480970731617e+00 1.282776710233188400e+00 1.685575990497729104e-01 5.050312739609047640e+03 2.404344797597591707e+02 5.218151055013146106e+03 1.697415930427706883e+02 8.504588441949285027e+01
1.000107465001376372e+00 6.206860644683873218e+00 2.586623678237496726e+00 5.177044968397941815e+00 5.061721704803769484e+00 1.314310047005264881e+00 3.112730481207823252e-01 4.390665075713684473e+00 1.900681310667837520e+00 8.390774928446861347e-01 3.435816465183704871e+00 1.318773768027151405e+00 1.114231278882205078e+00 4.884643038678438742e+00 2.237691869847830972e+00 1.377327988412356818e-01 1.136532984982101334e+04 2.217316157620984143e+02 1.224474715119778011e+03 3.689593302008476172e+01 9.732147830892070317e+01
2.448398927019133531e+00 6.566435368419426766e+00 1.074604147857242564e+00 3.601776221501785002e+00 4.600010468263430852e+00 1.048406992361188728e+00 2.708079900691902631e-01 6.475702155240783853e+00 1.691775857301020869e+00 2.097176025943073618e+00 3.466494779479629251e+00 1.333298747498857573e+00 1.595189546983390549e+00 6.442518976492195293e+00 1.776584874131916347e+00 1.881351691063456455e-01 1.065012098295111537e+04 2.458703160642318153e+01 1.304867381718709112e+03 7.170815685591871613e+01 1.394143472141942368e+02
3.126302653029857659e+00 3.090448066292850626e+00 1.360987382835613158e+00 5.069379186738922627e+00 4.293974424809621659e+00 1.204771874941250598e+00 6.862520816019651582e-01 4.595743189351917835e+00 7.807200513767862393e-01 2.230673702369125877e+00 2.658378970054433132e+00 1.311748213642186744e+00 1.266964619742009912e+00 1.644763495551352817e+00 2.090965702193442688e+00 1.850899143555383708e-01 6.144333370375215054e+03 1.984342140420040721e+02 8.003992229068185225e+02 4.410898194171826958e+01 1.347761555233300896e+02
2.365517967039358460e+00 2.273335817665846914e+00 2.197652479049795105e+00 3.585223408428518610e+00 5.244587241141635658e+00 1.364047379868236876e+00 4.803173294234867052e-01 8.272697774452968389e+00 9.782227256252109537e-01 2.866783110107970600e+00 2.824802642218930071e+00 1.095642147511967091e+00 1.757281830669735978e+00 8.845047329065364394e+00 1.441601411191086424e+00 1.421123228716597020e-01 3.009708277477599950e+03 2.865002022814122142e+02 5.140875151992638166e+03 5.189963852669171729e+01 1.785675264073733786e+02
2.902200767418841920e+00 5.190770129927139820e+00 2.806196523116505581e+00 4.330910987744570839e+00 4.289573193090146397e+00 1.662353037307936932e+00 2.049246193598257826e-01 3.396880503417754493e+00 7.990774260188657774e-01 2.919121310872866637e+00 3.206492172237239924e+00 1.200416957177627753e+00 1.397221762062679229e+00 8.546290110657043471e+00 6.424286103433052286e-01 1.313786047769134602e-01 2.088317502570350371e+03 1.319132657220334579e+02 4.331855148030839700e+03 1.793668909284201618e+02 1.778516230048739999e+02
1.125908555494931740e+00 4.135098770597743112e+00 1.218210741874134584e+00 4.921890005517977507e+00 3.139563590237992141e+00 1.218109901864361744e+00 2.353571071444061635e-01 2.063655586553789334e+00 7.495294173949191840e-01 1.780016428557735342e+00 1.315670904587272538e+00 1.297046262621653900e+00 1.850322817595036806e+00 9.429754298767083043e+00 3.977917521284375368e+00 1.925466076185633479e-01 6.333561441420223673e+03 4.586026424620567354e+01 8.151276124189155780e+03 1.906341383201148290e+02 8.648561861979388254e+01
1.068757544112473923e+00 7.284617296259622066e+00 2.615854089175619457e+00 5.526954467927150283e+00 5.415967865645718859e+00 1.753303019322061340e+00 1.149413062214826586e-01 9.648050360264637249e+00 1.861844115705127978e+00 2.514535256571622579e+00 4.065145849171078574e+00 1.166055901643274550e+00 1.576735919609447922e+00 2.558014909509557455e+00 1.232498940666382881e+00 1.168065974504809701e-01 7.434235753135583764e+03 9.745562205176420889e+01 5.361013419879867797e+03 2.993934859204758325e+01 1.304472901703690582e+02
1.340748520906951846e+00 5.923779597375501638e+00 1.050948401480984673e+00 2.192408019145124953e+00 5.989028628117786468e+00 1.284759288810510602e+00 1.627003218621491387e-01 8.398070722505945440e+00 8.797948386072897975e-01 2.605691247855767223e+00 1.095233042501663201e+00 1.029182629056282883e+00 1.734482269614463945e+00 8.609178646509985100e+00 3.402842885296234687e+00 1.810219625906604735e-01 9.144978573043770666e+03 2.454570911750170126e+02 9.657577497555157606e+03 9.368587776467799699e+01 1.984006996343911169e+02
8.700325043199708119e-01 1.817036870283391004e+00 1.748479140768628426e+00 3.221577958838766964e+00 5.311760074618679717e+00 1.983548813025667767e+00 2.715148108083543788e-01 4.244094390147177265e+00 1.299306623354969936e+00 1.053120707618597773e+00 4.139541033739281062e+00 1.367778952439746343e+00 1.015927019113296970e+00 6.264826300949975391e+00 1.645001808405718302e+00 1.800839923283319433e-01 1.302972750876063037e+04 2.796831389448012146e+02 8.121359180734449183e+03 3.917400694423636764e+01 7.995633652571325456e+01
1.655807157432437782e+00 7.102402462006752515e+00 2.078912581948838767e+00 4.450915116521155568e+00 4.692913348763587678e+00 1.574744054462203557e+00 8.987849022856588821e-01 6.629934300643360423e+00 1.065282866912417248e+00 7.053065862486775917e-01 3.928665025417460210e+00 1.151409426167257832e+00 1.156318683479243159e+00 8.744866104532583506e+00 2.191593016609821198e+00 1.253782843151252657e-01 1.451289311379300307e+04 1.548554111090263916e+02 1.266728361252275499e+04 1.179066449009300328e+02 1.165274333220513370e+02
1.009602268071050801e+00 4.416867328485269084e+00 1.096250140593452382e+00 3.705755196255565487e+00 5.961052249003279790e+00 1.151817935899764445e+00 4.006801542018018081e-01 8.802883741849759858e+00 1.849670468199245965e+00 1.726200418817231519e+00 3.668690421625086628e+00 1.061284470152153769e+00 1.745058048334393375e+00 6.110476147578031814e+00 2.916466338343962850e+00 1.693125101148294509e-01 8.053194204144023388e+03 2.129199604146721754e+02 1.838969374063800842e+03 1.016616038163241740e+02 1.694895373389437623e+02
9.375984334625498962e-01 6.644135304086320915e+00 1.996931752921690562e+00 4.660286600511147626e+00 5.490831412044483884e+00 1.245081793849342144e+00 9.240268223762007072e-01 5.116772780699502476e+00 1.556020472406117960e+00 2.938433108718698339e+00 2.510244651374017089e+00 1.226823911237961084e+00 1.865173041808907861e+00 4.617723336648028365e+00 2.392034250000161677e+00 1.439131748954512180e-01 6.995187886937696931e+03 6.643270497301794819e+01 9.066456748666030762e+03 1.576232761057457026e+02 1.916061926133130839e+02
3.133402213638722955e+00 7.650591580132294567e+00 2.262900044855830739e+00 2.270999792929846883e+00 4.155772518376573466e+00 1.052947519901928919e+00 3.892640187248300743e-01 1.928268211250857123e+00 6.961466373778790739e-01 2.949884711366587364e+00 3.692368252743242873e+00 1.416285553603913394e+00 1.612638858871985104e+00 2.069269989480861938e+00 3.549971340027000544e+00 1.565324008994069538e-01 1.310526768774252196e+04 2.835825788589485796e+02 2.979331372348042350e+03 1.554723328742946649e+02 1.001621504883261906e+02
2.607271037437388195e+00 5.549401464179679166e+00 2.482970792065346100e+00 5.042268656289450313e+00 5.136147655059886574e+00 1.103997310551322997e+00 5.016806009229294316e-01 8.674072042189184373e+00 1.732221420029949055e+00 2.633549019609592534e+00 1.755041313719182039e+00 1.266092034006558453e+00 1.883533656813277446e+00 9.830862358901153897e+00 1.563121682103410626e+00 1.777523115777560059e-01 1.465500503132876929e+03 1.096817113991759101e+02 1.288239432619494801e+04 7.990947579275768931e+01 1.228345179553278399e+02
1.798261420677740308e+00 5.011202302758546168e+00 2.913870208486973645e+00 5.556013723278315553e+00 4.551782123993270091e+00 1.732275031271504062e+00 5.788771826342210547e-01 1.472815414214053042e+00 1.315605571986140587e+00 2.823740160804405708e+00 2.770950685663287061e+00 1.273435232243661286e+00 1.045652991101616580e+00 5.963880618689652913e+00 3.169108971441184863e+00 1.279690997049268697e-01 1.479506402287536366e+04 1.389909333315175672e+02 3.773828037484406195e+03 1.334051552251378610e+02 1.422735610188743749e+02
1.947047331312878882e+00 6.993667441841926902e+00 1.340591776951235659e+00 4.178739380430510408e+00 3.832510708157546020e+00 1.670457691781513709e+00 7.842000521150137571e-01 2.274850937180467714e+00 9.173079215148308707e-01 2.084512039220518087e+00 2.313923836214265783e+00 1.119582291625579318e+00 1.212854741719357810e+00 1.962169599254286023e+00 3.024436397411160105e+00 1.337764381252285195e-01 1.076340439719348797e+04 1.804090140197002512e+01 2.005288782610031376e+03 7.087448087311183542e+01 1.934741959197232575e+02
1.606041820789903429e+00 7.866840282192768541e+00 2.160837195909946828e+00 4.739763901522302092e+00 4.415804798193904368e+00 1.468971927622316320e+00 8.941035196309288224e-01 8.341910355646865227e+00 1.252481850011305520e+00 2.201534031282476267e+00 2.879408610021786608e+00 1.088177520471565130e+00 1.549402759575510213e+00 6.599273270948808445e+00 2.705281295558180865e+00 1.619551753639347225e-01 1.424365842433014404e+04 2.708566917040164981e+02 6.911833917692863906e+03 1.622445470907197773e+02 7.220504173879436394e+01
